,ID,Game,ReleaseDate,Developer,Publisher
0,29540,Guild Wars<sup></sup> Game of the Year Edition,2005-04-28,ArenaNet®,NCsoft
1,8500,EVE Online,2003-05-06,CCP,CCP
2,578080,PLAYERUNKNOWN'S BATTLEGROUNDS,2017-12-21,PUBG Corporation,PUBG Corporation
3,212500,The Lord of the Rings Online,2012-06-06,"Standing Stone Games, LLC","Standing Stone Games, LLC"
4,238960,Path of Exile,2013-10-23,Grinding Gear Games,Grinding Gear Games
5,218230,PlanetSide 2,2012-11-20,Rogue Planet Games,Daybreak Game Company
6,29580,Guild Wars Nightfall<sup></sup>,2009-04-22,ArenaNet®,NCsoft
7,39120,RIFT,2013-10-24,Trion Worlds,Trion Worlds
8,29560,Guild Wars Factions<sup></sup>,2009-04-22,ArenaNet®,NCsoft
9,39210,FINAL FANTASY XIV Online,2014-02-18,Square Enix,Square Enix
10,201230,EverQuest II,2011-12-07,Darkpaw Games,Daybreak Game Company
11,376570,WildStar,2014-06-03,Carbine Studios,NCSOFT
12,200210,Realm of the Mad God,2012-02-20,"Wild Shadow Studios, Deca Games",Deca Games
13,397060,Faeria,2017-03-08,Abrakam SA,Versus Evil
14,552990,World of Warships,2017-11-15,Wargaming Group Limited,Wargaming Group Limited
15,236390,War Thunder,2013-08-15,Gaijin Entertainment,Gaijin Entertainment
16,418460,Rising Storm 2: Vietnam,2017-05-30,"Antimatter Games, Tripwire Interactive",Tripwire Interactive
17,359320,Elite Dangerous,2015-04-02,Frontier Developments,Frontier Developments
18,304030,ArcheAge,2015-03-26,XLGAMES,Trion Worlds
19,215100,Ragnarok Online,2003-06-01,Gravity Interactive,Gravity Interactive
20,29700,Guild Wars: Eye of the North,2007-08-31,ArenaNet®,NCsoft
21,6370,Bloodline Champions,2011-01-13,Stunlock Studios,Stunlock Studios
22,266410,iRacing,2015-01-12,"iRacing.com Motorsport Simulations, iRacing","iRacing.com Motorsport Simulations, iRacing"
23,495910,Dungeon Fighter Online,2016-08-09,Neople,Neople
24,323370,TERA,2015-05-05,"Bluehole, Inc.",En Masse Entertainment
25,35450,Red Orchestra 2: Heroes of Stalingrad with Rising Storm,2011-09-13,Tripwire Interactive,Tripwire Interactive
26,212160,Vindictus,2012-06-22,devCAT,NEXON Korea Corp. &amp; NEXON America Inc.
27,215080,WAKFU,2014-09-18,Ankama Studio,Ankama Games
28,215280,Secret World Legends,2017-07-31,Funcom,Funcom
29,212070,Star Conflict,2013-02-27,Star Gem Inc.,Gaijin Entertainment
30,47410,Stronghold Kingdoms,2012-02-27,FireFly Studios,FireFly Studios
31,109600,Neverwinter,2013-12-05,Cryptic Studios,Perfect World Entertainment
32,582660,Black Desert Online,2017-05-24,Pearl Abyss,Kakao Games Europe B.V.
33,251950,WWII Online,2001-06-06,Cornered Rat Software,Cornered Rat Software
34,24200,DC Universe Online,2011-11-02,Dimensional Ink Games,Daybreak Game Company
35,254300,Dofus,2016-11-15,Ankama Studio,Ankama Games
36,9880,Champions Online,2009-09-01,Cryptic Studios,Perfect World Entertainment
37,761890,Albion Online,2017-07-17,Sandbox Interactive GmbH,Sandbox Interactive GmbH
38,396280,Anarchy Online,2017-02-22,Funcom,Funcom
39,299360,Block N Load,2015-04-30,"Toadman Interactive, Jagex, Artplant","Toadman Interactive, Jagex"
40,433530,Heliborne,2017-10-12,Klabater,Klabater
41,241560,The Crew,2014-12-01,Ivory Tower in collaboration with Ubisoft Reflections,Ubisoft
42,113420,Fallen Earth Free2Play,2011-10-12,Little Orbit,Little Orbit
43,808290,Runes of Magic,2009-03-19,Runewaker Entertainment,Gameforge 4D GmbH‬
44,346110,ARK: Survival Evolved,2017-08-27,"Studio Wildcard, Instinct Games, Efecto Studios, Virtual Basement LLC",Studio Wildcard
45,433850,Z1 Battle Royale,2018-02-28,Daybreak Game Company,Daybreak Game Company
46,242860,Verdun,2015-04-28,"M2H, Blackmill Games",M2H
47,381640,Allods Online RU,2009-10-01,IT Territory,MY.GAMES
48,252490,Rust,2018-02-08,Facepunch Studios,Facepunch Studios
49,459160,Allods Online,2009-10-01,IT Territory,MY.GAMES
50,790710,World of Warplanes,2018-09-12,Wargaming Group Limited, Wargaming Group Limited
51,633460,Tannenberg,2017-11-16,"M2H, Blackmill Games",M2H
52,440900,Conan Exiles,2018-05-08,Funcom,Funcom
53,9900,Star Trek Online,2010-02-02,Cryptic Studios,Perfect World Entertainment
54,381990,Dragon Saga,2010-10-28,Gravity Interactive,Gravity Interactive
55,235340,Prime World,2014-03-31,Nival,Nival
56,99900,Spiral Knights,2011-06-14,"Grey Havens, LLC","Grey Havens, LLC"
57,373720,Ryzom,2016-05-06,Winch Gate Property Limited,Winch Gate Property Limited
58,224600,Defiance,2014-06-04,Trion Worlds,Trion Worlds
59,429680,Spellweaver,2016-02-01,Dream Reactor,Dream Reactor
60,259020,Dragon's Prophet,2013-09-18,Runewaker,Infernum Productions AG
61,291480,Warface,2014-07-01,MY.GAMES,MY.GAMES
62,376140,SAGA,2008-03-07,"Silverlode Interactive, Wasatch Games",Silverlode Interactive
63,390090,Shot Online,2019-01-21,WEBZEN ONNET,WEBZEN
64,326160,Shroud of the Avatar: Forsaken Virtues,2018-03-27,Portalarium,Portalarium
65,249570,The Castle Doctrine,2014-01-29,Jason Rohrer,Jason Rohrer
66,247730,Nether: Resurrected,2014-06-05,"Nether Productions, LLC","Nether Productions, LLC"
67,743090,Defiance 2050,2018-07-10,Trion Worlds,Trion Worlds
68,743860,Wild West Online,2018-05-10,WWO Partners Ltd,WWO Partners Ltd
69,649740,CRAFT BATTLE SIMULATOR,2017-06-13,Theodor Niklas,Theodor Niklas
70,860270,Requiem,2019-06-21,Netlex Studio,Netlex Studio
71,891090,JUST a Game,2018-10-23,Bum.art Studio,Bum.art Studio
72,604630,Build It,2018-09-17,AO Games Studios,AO Games Studios
73,1073360,Paycheck: City RPG,2020-02-07,Happy Dog Interactive LLC,Happy Dog Interactive LLC
74,943630,Star Trek: En Territoire Alien,2018-10-07,GameSamba,Global Genom Corporate
75,1179840,Origin,2019-11-29,Carcosa,Carcosa
76,979500,雪策边境,2018-11-08,重庆聚心动科技有限责任公司,重庆聚心动科技有限责任公司
77,1021780,The Region,2019-03-01,Black Snake Games,Black Snake Games
78,599040,Win That War!,2017-04-07,"Insane Unity, Bidaj",Bidaj
79,394690,Tower Unite,2016-04-08,PixelTail Games,PixelTail Games
80,638920,BeanVR—The Social VR APP,2017-05-31,Shenzhen BeanVR Technology Co.Ltd,Shenzhen BeanVR Technology Co.Ltd
81,635260,CarX Drift Racing Online,2017-11-17,"CarX Technologies, LLC","CarX Technologies, LLC"
82,531640,Eternal Card Game,2018-11-15,Dire Wolf,Dire Wolf
83,487120,Citadel: Forged with Fire,2019-11-01,"Blue Isle Studios, Virtual Basement LLC",Blue Isle Publishing
84,700030,Life is Feudal: MMO,2018-01-12,Bitbox Ltd.,Bitbox Ltd.
85,414530,Skyforge,2017-04-13,Allods Team,MY.GAMES
86,591530,Hyper Universe,2018-01-17,"CWave, Inc.",Nexon America Inc.
87,798420,Professional Fishing,2018-11-30,"MasterCode, Dueking",Ultimate Games S.A.
88,348670,Immune - True Survival,2016-12-09,vidiludi games and entertainment,vidiludi games and entertainment
89,604500,Tank Force,2017-10-23,Extreme Developers,Extreme Developers
90,547410,Peak Angle: Drift Online,2016-11-24,Peak Angle Team,
91,782670,Battle Tanks: Legends of World War II,2019-02-21,ExDevs LTD,ExDevs LTD
92,377140,Hide & Hold Out - H2o,2016-04-09,Red Abyss Software,Red Abyss Software
93,476480,Heaven Forest - VR MMO,2016-12-14,Fabio Ferrara,Chubby Pixel
94,1133430,Ashes of Creation Apocalypse,2019-09-24,"Intrepid Studios, Inc.","Intrepid Studios, Inc."
95,1049660,stein.world,2019-04-23,pg5-Studio,pg5-Studio
96,892510,Slay Together,2019-01-31,Owl Tribe Entertainment,Owl Tribe Entertainment
97,737390,Batch 17,2018-01-23,Baffled Games,Baffled Games
98,758880,RedSun RTS,2018-10-30,Yuri Eletskikh,redsungames
99,597920,Survivalizm - The Animal Simulator,2017-04-04,IronBoundManzer,IronBoundManzer
100,667050,SojournVR,2017-10-31,Detter Game Design LLC,Detter Game Design LLC
101,1175930,Ray Eager,2020-04-12,Saivs,Saivs
102,1198860,Snowballs,2019-12-06,Funny Games,Funny Games
103,1213470,封神策,2020-01-03,蝴蝶互动信息技术有限公司,蝴蝶互动信息技术有限公司
104,1046490,Action Entities,2019-04-12,+R+,+R+
105,29570,Guild Wars Trilogy,2008-09-25,ArenaNet®,NCsoft
106,1264400,CUBER STRIKE,2020-03-27,Alina Rodina,Alina Rodina
107,854400,EXCHANGE,2018-10-12,Self Destruction Games,threeW
108,852560,GUNS BATTLE ROYALE,2018-05-11,CREATIV GAME DEVELOPER LLC.,CREATIV GAME DEVELOPER LLC.
109,727860,Space Quiz,2017-10-27,Little Smart Planet,Little Smart Planet
110,466220,Kingdom of Loot,2017-04-14,EPICBEYOND Studios,EPICBEYOND Studios
111,523740,Techwars: Global Conflict,2017-12-21,Argus Games,"Promo Trade Toys LLC, Argus Games"
112,1015610,THE LAST PLAYER:VR Battle Royale,2019-08-07,Skyline Games,Skyline Games
113,386640,Affected Zone Tactics,2015-11-17,Light Vision Interactive,Light Vision Interactive
114,314860,DayBreak Online,2019-06-13,Global Games,Global Games
115,913890,Plastic soldiers,2018-11-16,Creative Black Chair,Creative Black Chair
116,716610,Battle for the Galaxy,2019-05-13,AMT Games,AMT Games
117,898590,Margonem,2019-02-20,Garmory,Garmory
118,772270,Blocked and Loaded,2018-01-19,Chris Antoni,Chris Antoni
119,422940,Divergence: Online,2016-01-06,Stained Glass Llama,None
120,838510,Find & Destroy: Tank Strategy,2018-06-12,mPower Games Studio,mPower Games Studio
121,1057740,World Of Conquerors,2019-08-30,Huntah,Darkness Development
122,951140,Bliss Maze(极乐迷宫),2018-10-17,MagicK,MagicK
123,662230,Trendpoker 3D: Texas Hold'em Poker,2017-12-11,BufoProject,BufoProject
124,415860,Tactical Craft Online,2016-02-12,Crematorium of Time,Crematorium of Time
125,516510,Orake Classic,2016-08-13,PigLion Games,PigLion Games
126,352700,Subspace Continuum,2015-07-03,"Virgin Interactive Entertainment, PriitK",Subspace Continuum
127,407060,AltspaceVR,2016-03-31,"AltspaceVR, Inc.","AltspaceVR, Inc."
128,444490,POLYWAR,2016-12-30,exagongames,New Reality Games
129,416450,Emporea: Realms of War and Magic,2016-03-17,Pixel Federation,Pixel Federation
130,297470,Xsyon - Prelude,2014-12-29,Notorious Games,Notorious Games
131,1223850,热血战歌,2020-03-13,热血战歌,热血战歌
132,535440,WAR7,2016-10-21,CPsoft,CPsoft
133,1200710,BadLads,2020-04-16,CHEMICAL HEADS STUDIOS,CHEMICAL HEADS STUDIOS
134,702180,Mafia is Alive,2017-10-05,ZO Studio Games,ZO Studio Games
135,1004710,POCKET CAR : VRGROUND,2019-01-08,Jamong Inc.,Jamong Inc.
136,990060,War Online: Pacific,2019-01-17,HiTech Creations Inc.,HiTech Creations Inc.
137,972920,Rebirth,2019-02-26,Pandora Entertainment,Pandora Entertainment
138,949330,Magicae Mundi,2018-10-17,Sylvestre Studio,
139,541190,Nodiatis,2016-11-14,"Glitchless, LLC","Glitchless, LLC"
140,985720,RUINS Survival,2019-07-04,ATD Game Studio,ATD Game Studio
141,928170,Blazing Core,2018-10-18,OctoBox Interactive,OctoBox Interactive
142,682620,Cosmos Invictus,2018-06-27,Pegnio Ltd,Pegnio Ltd
143,1140160,CATAPULT BATTLE SIMULATOR!,2019-08-29,SUREHIT STUDIO LLC,SUREHIT STUDIO LLC
144,689660,Without A Roof (W.A.R.),2020-01-23,New World Coders,New World Coders
145,295710,Darkwind: War on Wheels,2014-08-22,Psychic Software,Psychic Software
146,663110,Sunrise: survival,2017-08-03,Fedorov Ilya & Andrew Konovalov,Fedorov Ilya & Andrew Konovalov
147,895150,Endless Battle,2019-01-03,Netdragon Websoft Inc,Netdragon Websoft Inc
148,467570,TITANS: Dawn of Tribes,2017-06-15,"34BigThings srl, Event Horizon Studios",IndieGala
149,489000,The Infinite Black,2016-10-19,Spellbook,www.Spellbook.com
150,1248650,Fate Arena (Alpha),2020-04-07,"End Game Interactive, Inc","End Game Interactive, Inc"
151,699040,Millidor,2018-03-16,Smart Online Games,Smart Online Games
152,1103880,Bullet Roulette VR,2019-09-11,Fibrum Limited,Fibrum Limited
153,773590,Azusa RP Online,2019-01-30,Inutaishos,Inutaishos
154,967330,Starfighter: Infinity,2019-07-16,Ben Olding Games,Ben Olding Games
155,731250,ExoTanks,2019-07-29,Digital Universe,Digital Universe
156,646820,Might & Mayhem,2017-06-05,Kiz Studios,"You42, Inc."
157,462480,Sweet Escape VR,2016-04-20,"Reailty Smash, Inc.","Reality Smash, Inc."
158,1113880,Best in the West,2019-12-05,Curtis Ashford,Curtis Ashford
159,668790,Chicken Wars,2017-07-11,Sokolov Yaroslav Vladimirovich,Sokolov Yaroslav Vladimirovich
160,1211280,浴血战魂,2020-01-02,浴血战魂,浴血战魂
161,1146040,诛神乾坤,2019-09-11,LCBGAME,LCBGAME
162,971540,SAMS,2018-12-24,Dnovel,Dnovel
163,712230,WARZONE,2017-10-17,KEA Games,KEA Games
164,1277440,斗罗大陆,2020-04-15,斗罗大陆,斗罗大陆
165,384920,ABD: A Beautiful Day,2015-08-14,"Robert Bonner, Jack Hanley, Ben Rawles, Boris Blosse","Gag A Maggot Entertainment, LLC."
166,1026880,FIREGROUND,2020-01-13,Fedorov Ilya & Andrew Konovalov,Fedorov Ilya & Andrew Konovalov
167,704070,Robots.io,2017-09-13,Super Games Studio,Super Games Studio
168,295110,Just Survive,2015-01-15,Daybreak Game Company,Daybreak Game Company
169,1255970,Kicks Online,2020-03-26,Dervet,Dervet
170,599060,Age of Heroes: Conquest,2017-04-17,5th Planet Games Development ApS,5th Planet Games Development ApS
171,442080,Riders of Icarus,2016-07-06,WeMade,VALOFE
172,1022450,War Selection,2019-10-08,Glyph Worlds,Glyph Worlds
173,384180,Prominence Poker,2016-12-12,Pipeworks Studio,505 Games
174,412880,Drift Streets Japan,2015-12-21,JDM4iK,JDM4iK
175,227180,Kingdom Wars,2013-04-01,Reverie World Studios,Space Bullet Dynamics Corporation
176,324510,Boundless,2018-09-11,Wonderstruck,Square Enix
177,1132210,Kingdom Under Fire 2,2019-11-18,Blueside,Gameforge 4D GmbH
178,443110,Armored Warfare,2017-11-17,"Obsidian Entertainment, MY.GAMES",META Publishing
179,212390,Continent of the Ninth Seal,2012-09-13,Cloud 9 Studio,Webzen
180,746930,OrbusVR: Reborn,2019-04-23,"Orbus Online, LLC","Orbus Online, LLC"
181,1048100,Peekaboo,2019-08-07,Redaster Studio,Redaster Studio
182,888400,World of War : Battlegrounds,2018-07-05,NK CREATIV TEAM,NK CREATIV TEAM
183,719640,War Planet Online: Global Conquest,2017-12-19,Gameloft,Gameloft
184,462440,ROKH,2017-05-16,Nvizzio Creations,Darewise Entertainment
185,342280,Manyland,2015-12-07,Anyland + Manyland,Matt Roszak
186,468070,90 Minute Fever - Football (Soccer) Manager MMO,2016-07-12,Isokron,Isokron
187,651090,Aces High III,2017-08-23,HiTech Creations Inc.,HiTech Creations Inc.
188,287140,Selfie : Sisters of the Amniotic Lens,2015-05-08,Rail Slave Games,KISS ltd
189,503340,Dig 4 Destruction,2016-08-14,"COLOPL, Inc.","COLOPL, Inc."
190,503240,Hurricane,2017-03-06,Because I Can,Because I Can
191,755080,Genesis - 创世争霸,2019-03-14,Rampage Games,"Hainan Legendkey Network Technology Co., Ltd."
192,334290,Gates of Horizon,2014-12-18,Hex Keep,Hex Keep
193,647530,Prime Arena,2017-10-19,Nival,Nival
194,882150,Drone Strike Force,2019-08-16,"Odisi Games, Nimble Giant Entertainment, Globant",Odisi Games
195,489570,Antisphere,2017-07-14,"Soap Interactive, Lion Game Lion",Starbreeze Publishing AB
196,308520,Minimon,2015-03-25,Lunar Labs,Lunar Labs
197,1162900,Iron Blood VR,2020-04-04,Renderise,Renderise
198,1219920,横扫天下之万年强者,2020-02-21,北京趣酷科技有限公司,北京趣酷科技有限公司
199,998300,欢乐块队,2019-05-31,Allosaurus,Allosaurus
200,1125290,moofa,2019-09-30,aiwra team,aiwra team
201,1003000,Punishment Darkness Online,2020-01-28,DW Entertainement,DW Entertainement
202,1138060,Diablo_IslanD 暗黑破坏岛,2019-09-26,Victor Studio,Victor Studio
203,301520,Robocraft,2017-08-24,Freejam,Freejam
204,513710,SCUM,2018-08-29,Gamepires,Gamepires
205,555570,Infestation: The New Z,2016-11-22,Fredaikis AB,OP Productions LLC
206,766570,Russian Fishing 4,2018-06-15,Russian Fishing,Russian Fishing
207,529180,Dark and Light,2017-07-20,Snail Games USA,Snail Games USA
208,707010,Will To Live Online,2018-04-05,AlphaSoft LLC,AlphaSoft LLC
209,939510,Pandemic Express - Zombie Escape,2019-09-27,"TALLBOYS, tinyBuild",tinyBuild
210,263540,Villagers and Heroes,2014-04-17,Mad Otter Games,Mad Otter Games
211,819500,Fear The Wolves,2019-02-06,Vostok Games,Focus Home Interactive
212,353130,Time of Dragons,2016-02-01,4 I Lab,4 I Lab
213,859170,Survival,2018-10-01,重庆第五维科技有限公司,重庆第五维科技有限公司
214,342940,Project: Gorgon,2018-03-12,"Elder Game, LLC","Elder Game, LLC"
215,205710,EverQuest,2012-12-13,Darkpaw Games,Daybreak Game Company
216,957790,WAR DUST | 32 vs 32 Battles,2018-10-19,raptor lab,raptor lab
217,609940,KROSMAGA,2017-04-12,Ankama Studio,Ankama Games
218,1206240,Talvisota - Winter War,2020-04-02,Talvisota Team,Tripwire Interactive
219,658980,Valnir Rok Survival RPG,2017-09-26,encurio,"encurio, Rok Entertainment"
220,871990,BattleRush 2,2018-10-18,Thunder Devs.,Thunder Devs.
221,356130,Heroes of Scene,2015-08-26,Icy Donut,Icy Donut
222,504300,Gangs of Space,2017-08-10,Little Big MMO,Little Big MMO
223,876330,Revelation Online,2018-08-07,Netease Games,MY.GAMES
224,530560,STEAM HAMMER,2017-05-12,SF team,Big Way
225,1017560,Falling Bullets,2019-02-25,Mike Trebson,Mike Trebson
226,922480,Auto Battle Royale,2019-08-29,ByKing,ByKing
227,868100,小游戏世界(中国版),2018-07-26,Allosaurus,Allosaurus
228,1007540,TankDestruction,2019-07-10,Joehot200,Joehot200
229,946070,Abstract,2019-05-23,Silent Smack Studios,Silent Smack Studios
230,1259460,Trendpoker 3D: Free Online Poker,2020-04-14,BufoProject,BufoProject
231,1026060,Brutal Games,2019-08-06,Creative Black Chair,Creative Black Chair
232,1197060,FUNGI,2019-12-27,Nonline Studios,Nonline Studios
233,433130,WarBirds Dogfights,2016-01-14,iEntertainment Network Inc,iEntertainment Network Inc
234,835600,Techwars Deathmatch,2018-04-17,Argus Games,Argus Games
235,843270,Flapping Over It,2018-05-17,Stequer,Stequer
236,1171800,The Vertigo,2020-01-30,CHANGO GAMES,Chango Games
237,1094690,Imagination - Online Board game,2020-01-29,Creobit,8Floor        
238,1085150,Golf Defied,2019-07-18,Avelog,Avelog
239,875480,Somnium Space,2020-02-20,Somnium Space Ltd.,Somnium Space Ltd.
240,673940,Dragon Glory,2017-10-10,TeamTop Games,101XP
241,801220,Magnificent 5,2020-01-23,Free Reign Entertainment LLC,Free Reign Entertainment LLC
242,536950,Legend of Ares,2017-05-31,Bono Games,RedFox Games
243,1061240,Quiet Sleep,2019-05-03,White tail, White tail
244,794050,Drift Legends,2018-03-15,"Black Fox Entertainment, Starkom Entertainment","Black Fox Entertainment, Starkom Entertainment"
245,1150160,KobberParty - Castle Explorer,2020-03-20,MightyCodeDragon,MightyCodeDragon
246,380790,Demon Horde Master,2015-07-24,HCPgames,NedoStudio
247,398970,none,2015-11-05,none,none
248,444200,World of Tanks Blitz,2016-11-09,Wargaming Group Limited,Wargaming Group Limited
249,884660,Cuisine Royale,2019-12-12,Darkflow Software,Gaijin Distribution KFT
250,991780,探灵笔记/拾遗记-1V5(Notes of Soul),2019-01-17,搞快点工作室,拾遗社
251,1241750,Guns of Bullshit,2020-03-18,STREAMWORKS,STREAMWORKS
252,622310,Amigo VR,2017-04-13,Amigo VR Studio,Amigo VR Studio
253,237310,Elsword,2014-07-02,KOG,KOG Games
254,486310,Meadow,2016-10-26,Might and Delight,Might and Delight
255,240320,Panzar,2013-04-12,Panzar Studio,OVALIS INVESTMENTS LIMITED
256,895400,Deadside,2020-04-14,Bad Pixel,Bad Pixel
257,976800,九劫曲：诅咒之地 NINE TRIALS,2019-06-27,深圳市爱玩游戏科技有限公司,深圳市爱玩游戏科技有限公司
258,482920,Hero Zero,2016-07-05,Playata GmbH,European Games Group AG
259,619910,Just Cause 3: Multiplayer Mod,2017-07-20,nanos GbR,"nanos GbR, Square Enix"
260,293540,Guns and Robots,2014-08-04,Masthead Studios Ltd,"Masthead Studios Ltd, Thegamewallstudios, Gamigo AG"
261,719890,Beasts of Bermuda,2018-12-21,"Sastrei Studios, LLC","Sastrei Studios, LLC"
262,822240,Animal Jam - Play Wild!,2018-12-11,"WildWorks, Inc.","WildWorks, Inc."
263,1191330,Inferna,2019-12-20,INFERNA LIMITED,INFERNA LIMITED
264,253490,CABAL Online,2016-02-17,ESTgames Corp.,ESTsoft Inc.
265,1112400,Project Torque - Free 2 Play MMO Racing Game,2019-12-20,"Invictus Games Ltd., JOGARA LTD",JOGARA LTD
266,1105810,Onset,2019-12-13,Blue Mountains,Blue Mountains
267,1124980,Watchers,2019-10-22,Blindfold,Alawar Premium
268,534820,Heroes Evolved,2017-01-01,Net Dragon,R2Games
269,1079620,Infinity: Battlescape,2019-09-26,"I-Novae Studios, LLC","I-Novae Studios, LLC"
270,392040,War Blade,2019-09-03,Tvr Games,Tvr Games
271,337410,Karos,2014-12-24,Galaxy Gate,GameXP.com
272,1234380,Era of Survival,2020-02-17,Jean Groenewald,Jean Groenewald
273,1131160,Civil: The Game,2019-09-12,Oversight Games,Oversight Games
274,348810,M4 Tank Brigade,2018-03-26,iEntertainment Network Inc,iEntertainment Network Inc
275,869130,World of Zombies,2019-01-25,RESPECT TEAM STUDIO,RESPECT TEAM
276,907040,Simple Racing,2018-08-13,Simple Racing,Simple Racing
277,985020,Three Kingdoms：Ancient battlefield | 三国古战略,2018-12-20,"真实模拟站, 真实模拟站","真实模拟站, 真实模拟站"
278,376120,Assault Corps 2,2015-07-16,AOS GAME,AOS GAME
279,1153340,灭神,2019-09-26,灭神游戏,灭神游戏
280,564210,Fishermurs,2017-06-13,Reward Hunters,Valkyrie Initiative
281,857240,The Prison Experiment: Battle Royale,2018-06-01,Aerolab Studios LTD,Aerolab Studios LTD
282,401970,Hypatia,2018-08-29,TimefireVR LLC,TimefireVR LLC
283,1219160,Granado Espada Japan,2020-03-04,"IMCGAMES CO., LTD.","IMCGAMES CO., LTD."
284,617740,ASTA : NEW PURE Server,2017-09-06,,
285,1086630,Spelling Quest Online,2019-12-18,Craig Schwarz,Craig Schwarz
286,675560,NAVYFIELD,2006-08-18,SDEnterNET,Naiadgames
287,595110,Gran Skrea Online,2018-06-16,Gran Skrea Online,Gran Skrea Online
288,215870,Dungeon-Party,2013-03-13,Cyanide Studio,Bigben Interactive
289,1091010,Dark Swords,2019-06-21,High Tower Entertainment,High Tower Entertainment
290,890400,Uncharted Waters Online,2018-12-19,"KOEI TECMO GAMES CO., LTD.",Papaya Play 
291,718310,Diaspora : Mass Exodus,2018-12-20,Angry Rabbit Studios,Angry Rabbit Studios
292,424780,Imperia Online,2016-04-15,Imperia Online JSC,Imperia Online JSC
293,779050,A tractor,2018-08-15,Games for May,Games for May
294,757810,Mahlone One,2017-12-16,VM World Studio,VM World Studio
295,611830,Park Bound,2017-11-30,Bambastic Games,Bambastic Games
296,661960,Dragon Lords: 3D Strategy,2017-09-11,FX Games,FX Games
297,588630,Draw Rider 2,2019-02-13,17Studio,17Studio
298,562840,Dragon Blood,2017-01-31,TeamTop Games,101XP
299,1203370,Survival Classic,2020-02-19,TB Games,TB Games
300,1248220,炎黄大陆,2020-02-27,"炎黄大陆, 浙江盛游",浙江盛游
301,955300,ShotKill,2018-12-20,StudioFriends,StudioFriends
302,1029120,Space Expand,2019-02-22,Fost Hope,Fost Hope
303,701010,Gurugedara,2017-10-01,Osmium,Osmium
304,987980,王者战车,2018-12-13,"acechariot, acechariot","acechariot, acechariot"
305,747210,Voyage Senki VR 海洋传说 VR,2018-04-15,"Shanghai Superpoint Technology Co.,Ltd.",Shandong Qianbei Technology Co. Ltd
306,410490,Elements: Epic Heroes,2015-12-21,Zadzen Games Ltd.,Zadzen Games Ltd.
307,951490,Stream Battlecards,2020-01-20,Pascal Dittrich,padSoft
308,803350,Fighter Royale - Last Ace Flying,2019-04-29,"Fighter Base Publishing, Inc.","Fighter Base Publishing, Inc."
309,843520,The Last Front,2018-07-11,Fever Game Studios,Fever Game Studios
310,1083480,Armadusa,2019-05-24,WVV Games,WVV Games
311,553290,Drift King: Survival,2016-11-24,Destiny.Games,Destiny.Games
312,1096650,CUBG: Car Unknown's Battlegrounds,2019-08-01,RedKeyboards,RedKeyboards
313,878120,UniteStar,2018-06-03,SweetApple,SteamWork
314,715310,Urban Rivals,2017-10-18,Acute Games,Acute Games
315,454070,Boundel: The Second Era,2016-11-14,Eren Aydin,Eren Aydin
316,693800,Loco Parentis / 孤女咒怨,2019-09-19,Fair Games Studio,"Fair Games Studio, Huiyin Studio"
317,574070,Space Wars: Interstellar Empires,2017-12-08,Desert Owl Games LLC,ToHeroes Game Studios LLC
318,385530,Астролорды: Облако Оорта,2015-09-29,Aratog LLC,Tartezal Holdings Ltd.
319,230330,FINAL FANTASY XI: Ultimate Collection Seekers Edition,2013-04-19,Square Enix,Square Enix
320,801880,Drift Tuner 2019,2018-03-26,S&COR Games,S&COR Games
321,497940,Destiny of Ancient Kingdoms,2016-08-30,Utopia Dream Entertainment Alliance (Pty) Ltd - South Africa,Utopia Dream Entertainment Alliance (Pty) Ltd - South Africa
322,1199640,Cave to Kingdom,2019-12-18,Iubisoft System SRL,Iubisoft System SRL
323,1240290,Infestation: Battle Royale,2020-03-04,Fredaikis AB,OP Productions LLC
324,777150,Adventure Land - The Code MMORPG,2019-01-28,Kaan Soral,Kaan Soral
325,460570,Starfall Online,2020-02-20,Snowforged Entertainment,Snowforged Entertainment
326,969880,Terrible Beast from the East,2019-01-03,Sleeping Hero,SakuraGame
327,347630,16 Bit Arena,2015-03-24,16bitarena.com,16bitarena.com
328,1049840,Haramatia,2019-03-27,Salavat Kasimov,Sevite byte studio
329,664890,Undoing,2019-01-31,Minibeast LLC,Minibeast LLC
330,1112330,NORR part I: Ace Shot,2019-07-23,GWE games,GWE games
331,1122870,Mazi Remastered,2019-11-11,"SYYazılım, Webyilmaz","SYYazılım, Webyilmaz"
332,1191390,strike mole,2019-12-05,lize,lize
333,1145240,Dawn of the Dragons: Ascension,2019-11-01,5th Planet Games Development ApS,5th Planet Games Development ApS
334,480500,Dogfight Elite,2016-06-11,Echoboom S.L.,Echoboom S.L.
335,498940,"WarBirds Dawn of Aces, World War I Air Combat",2016-07-19,iEntertainment Network Inc,iEntertainment Network Inc
336,438100,VRChat,2017-02-01,VRChat Inc.,VRChat Inc.
337,397900,Business Tour - Board Game with Online Multiplayer (大富翁),2017-07-27,Creobit,8Floor
338,650740,Leap of Champions,2020-02-02,LEAF games and software,LEAF games and software
339,630100,SoulWorker - Anime Action MMO,2018-02-26,"Lion Games Co., Ltd.",Gameforge 4D GmbH
340,1059040,Grunt1914,2019-11-08,Aligned Games,Aligned Games
341,375230,"Warhammer 40,000: Eternal Crusade",2017-03-16,Behaviour Interactive Inc.,Behaviour Interactive Inc.
342,351290,SURVIVAL: Postapocalypse Now,2019-12-03,TB Games,TB Games
343,792220,Paunch,2019-12-04,Kozhakov,Kozhakov
344,667890,Dead Maze,2018-02-13,Atelier 801,Atelier 801
345,924140,Hand Simulator: Survival,2019-12-17,HFM Games,HFM Games
346,805850,Wrecked,2018-05-21,Marco Amadei,Corvostudio di Amadei Marco
347,696370,BROKE PROTOCOL: Online City RPG,2017-08-26,Cylinder Studios,Cylinder Studios
348,298160,Eldevin,2014-11-05,Hunted Cow Studios,Hunted Cow Studios
349,575720,Mighty Party,2017-03-30,Panoramik Inc,Panoramik Inc
350,295550,Royal Quest,2014-08-06,Katauri,1C Online Games
351,662320,METRO CONFLICT: THE ORIGIN,2017-12-13,"RED DUCK, INC.","RED DUCK, INC."
352,393410,World of Soccer,2015-08-26,"Johannes Eski, JoneH, Ciangi",JoneH
353,703950,Just Fishing,2017-12-15,Just Fishing LLC,Just Fishing LLC
354,1072710,Soviet Jump Game,2020-01-09,Fantastic Passion,Game Grumps
355,943150,Nostos,2019-12-06,NetEase Games,NetEase Games
356,805270,Playcraft,2019-10-23,Bebop Games,Bebop Games
357,623880,World of Speed,2017-08-22,"Saber Interactive, Redemption Ark",Mad Dog Games LLC
358,215120,ROSE Online,2012-10-23,Gravity Interactive,Gravity Interactive
359,840130,Battle Royale: Survivors 究极求生:大逃杀,2019-06-18,momoStorm Entertainment,momoStorm Entertainment
360,332650,The Exiled,2017-02-23,Fairytale Distillery,Fairytale Distillery
361,1180390,神仙名单,2019-12-02,神仙名单,神仙名单
362,938370,War in Pocket ,2019-09-26,Comag Game,Comag Game
363,1190150,Paint Warfare,2019-12-02,Mini Official,Mini Official
364,781030,DK Online,2019-03-05,Masangsoft,Masangsoft
365,684720,Battlegun,2017-08-09,Patron Ibrahim,Patron Ibrahim
366,621880,Phoenix Dynasty 2,2018-06-08,Ntroy LTD,Ntroy LTD
367,485670,Mini Golf Arena,2018-04-21,Evoluta Studio,Evoluta Studio
368,823940,Virtual Battlegrounds,2020-04-15,CyberDream,Spiral Summit Games
369,388370,Nova Blitz,2017-07-11,Dragon Foundry,"Dragon Foundry, Hashbang Games"
370,783240,Zombieland,2018-05-23,Cultura guru,Cultura guru
371,539650,TwelveSky 2 Classic,2017-01-27,SG Data,RedFox Games
372,490990,Penguins Cretins,2016-06-22,HFM Games,HFM Games
373,1025260,Rebirth Fantasy,2019-03-29,Retro Craftz Studio,Retro Craftz Studio
374,889730,Downtown Mafia: Gang Wars,2018-07-25,DYNAMICNEXT,DYNAMICNEXT
375,1245230,地城蔷薇,2020-02-25,上海薇染网络科技有限公司,上海薇染网络科技有限公司
376,1041710,模拟帝国,2019-04-05,TKG Inc.,TKG Inc.
377,1097300,Ostrofa,2020-02-05,Normunds Petrovs,Normunds Petrovs
378,1098540,Monsters sandbox,2019-12-11,xFAIRx,fair_developer
379,1169790,玄尘仙界,2019-10-28,玄尘科技,玄尘科技
380,395940,Scribbled Arena,2017-05-12,Apar Games,Apar Games
381,1115960,Struggle,2019-10-03,TLTS,To be determined
382,1032450,Fallen Hearts,2020-01-24,Anea_Duo_Dev,Anea_Duo_Dev
383,789200,S.P.I.C.E ARENA,2018-04-23,IanStudio,IanStudio
384,979900,RRRR,2019-01-22,Dnovel,Dnovel
385,692060,Casinopia: The Blackjack,2017-10-11,oneIMMERS,YJM GAMES
386,227940,Heroes & Generals,2016-10-18,RETO MOTO,RETO MOTO
387,273110,Counter-Strike Nexon: Studio,2014-10-07,"Valve Corporation, Nexon Korea Corporation",Nexon Korea Corporation
388,834910,ATLAS,2018-12-22,"Grapeshot Games, Instinct Games",Grapeshot Games
389,365620,WarBirds - World War II Combat Aviation,2019-04-21,iEntertainment Network Inc,iEntertainment Network Inc
390,893520,Creative Destruction,2018-08-02,NetEase Games,NetEase Games
391,1029900,Rummy 3D Premium,2019-06-24,BufoProject,BufoProject
392,560380,MapleStory 2,2018-10-04,Nexon Korea Corporation,Nexon America Inc.
393,681660,Bless Online,2018-10-23,NEOWIZ BLESS STUDIO,NEOWIZ
394,215830,Closers,2018-02-06,Naddic Games,En Masse Entertainment
395,332070,School of Dragons,2014-12-04,"JumpStart Games, Inc.","JumpStart Games, Inc."
396,636040,Pixel Worlds: MMO Sandbox,2017-01-21,Kukouri Mobile Entertainment,Kukouri Mobile Entertainment
397,415270,Star Crusade CCG,2016-09-08,"ZiMAD, Inc.","ZiMAD, Inc."
398,439700,Z1 Battle Royale: Test Server,2016-02-24,Daybreak Game Company,Daybreak Game Company
399,217750,Age of Conan: Unchained,2013-02-22,Funcom,Funcom
400,859920,Double Head Shark Attack,2018-10-18,BigCode Games Pvt Ltd,BigCode Games Pvt Ltd
401,354200,Aberoth,2015-07-17,"Jarbit, Castle art by Yuriy Gusev",Jarbit
402,691020,Fog Of War - Free Edition,2018-02-22,Monkeys Lab.,Monkeys Lab.
403,338540,Navy Field 2 : Conqueror of the Ocean,2015-03-05,SDEnterNet,SDEnterNet
404,469920,hackmud,2016-09-22,Drizzly Bear,Drizzly Bear
405,466660,Stash,2017-09-07,Frogdice,Frogdice
406,1133730,Second Galaxy,2019-09-11,Zilong Game Limited,Zilong Game Limited
407,1161150,Legend of sword and Magic MMO,2020-01-07,Legend,VastSea
408,300970,Fiesta Online NA,2008-02-01,Onson Soft,gamigo AG
409,755980,Deployment,2018-04-10,Whale Rock Games,Whale Rock Games
410,749780,DEAD DOZEN Escape,2018-06-19,Fntastic,Fntastic
411,1084350,Fear of Dark,2019-12-04,Perfect games,Perfect games
412,970610,CHECKMATE : Battle Arenas,2018-12-20,"Infovine co.,Ltd.","Infovine co.,Ltd."
413,845630,Disdoored,2018-05-31,Anton Riot and Co,Bitbox Ltd.
414,1203890,Mirage Online Classic,2019-12-24,Mirage Online Classic,Mirage Online Classic
415,1038680,Win With Steadily,2019-04-04,Junyue,Junyue
416,1262110,Ultimo Reino 2,2020-04-13,ultimoreino,ultimoreino
417,933920,GIRLS VR UNCENSORED!!!,2018-09-28,Eroticon VR,Eroticon VR
418,589430,Killer Elite – Time to Die,2017-04-28,Wioleta Moniuszko,WRGenesis
419,918500,Fish Duel,2018-09-26,Chemical Bolt,Chemical Bolt
420,941160,Slavicus,2018-10-18,Svyatoslav Pilipenko,Svyatoslav Pilipenko
421,1218950,战神七魄,2020-02-04,战神七魄,战神七魄
422,1218440,Tanks 2020,2020-01-29,Kedexa,Kedexa
423,896510,Norpon,2019-02-25,Mythical Alterno,Mythical Alterno
424,1094010,火柴人联盟2,2019-12-20,厦门市火柴人科技有限公司,"深圳市中顺和盈科技有限公司, BlueStacks"
425,1021880,StarWheels,2019-06-19,Black Smokers Entertainment,Black Smokers Entertainment
426,987950,eBall,2019-05-20,Toxic studio,Toxic studio
427,829080,Burst Into,2018-04-04,ARGames,Metal Fox
428,577210,Q.U.I.R.K.,2017-03-29,uGen Inc.,uGen Inc.
429,892310,Infinity Heroes,2020-03-18,Lightmare Studios,Lightmare Studios
430,1157330,烽火大秦,2019-12-05,YouAi.inc 广州游爱网络技术有限公司,bluestack systems inc
431,1221390,VOXEL HORIZON,2020-04-14,Ice Shovel Soft,Ice Shovel Soft
432,555830,Vecitas,2017-04-12,Patagoniart,Patagoniart
433,1092150,DrainLive,2019-12-12,DrainLive,DrainLive
434,269210,Hero Siege,2014-01-29,"Elias Viglione, Jussi Kukkonen",Panic Art Studios
435,372000,Tree of Savior (English Ver.),2016-03-28,"IMCGAMES Co.,Ltd.","IMCGAMES Co.,Ltd."
436,913780,NEW LIFE,2019-08-12,Denside Studios,Denside Studios
437,714050,Undead,2017-10-11,KNP,KNP
438,843380,Super Animal Royale,2018-12-12,Pixile,Pixile
439,311310,Naval Action,2019-06-13,Game-Labs,Game-Labs
440,317470,Cubic Castles,2014-08-13,Cosmic Cow LLC,Cosmic Cow LLC
441,506140,Shop Heroes,2016-08-15,"Cloudcade, Inc.","Cloudcade, Inc."
442,372800,RPG MO,2015-08-18,Marxnet,Marxnet
443,921060,Modern Combat 5,2018-10-24,Gameloft,Gameloft
444,1104640,New Frontier,2019-12-27,Free Reign Entertainment,Free Reign Entertainment
445,829590,CryoFall,2019-04-03,AtomicTorch Studio,Daedalic Entertainment
446,513000,KUBOOM,2016-09-09,nobodyshot,nobodyshot
447,557780,Atom Fishing II,2016-11-29,Woolf,R-Age
448,755800,Hades' Star,2019-02-27,Parallel Space Inc,Parallel Space Inc
449,1140440,OMON Simulator,2019-10-18,"Ukrainian Bears, Hideo Milos","United Nations, Putin The Best, Ukrainian Bears"
450,682290,Zeus' Battlegrounds,2018-09-28,Industry Games,Industry Games
451,439370,Midair,2018-05-03,Archetype Studios,Archetype Studios
452,1105420,Game of Thrones Winter is Coming,2019-11-14,YOUZU (SINGAPORE) PTE. LTD.,YOUZU (SINGAPORE) PTE. LTD.
453,371310,Karos Returns,2017-02-02,Galaxy Gate,RedFox Games
454,442710,Fantasy Tales Online,2016-05-05,Cold Tea Studio,NA
455,336520,Might & Magic Heroes Online,2015-11-24,Blue Byte,Ubisoft
456,1179730,高能小队  Superpower Squad,2020-03-18,精诚绿洲工作室,HHG发行商
457,345010,Ascent - The Space Game,2016-04-11,Fluffy Kitten Studios,Fluffy Kitten Studios
458,1006680,Expanse,2019-10-30,Yuri Eletskikh,redsungames
459,1068510,Stigfinnare,2019-10-15,VityaSchel,UTID
460,958300,Cute Girls 可爱的女孩,2018-10-21,Dance studio mix,Dance studio mix
461,920710,Burndown,2019-11-04,BigBro Games,BigBro Games
462,815260,Lords of Kingdoms,2018-06-15,ThankGame.com,ThankGame.com
463,895080,Warrecs,2018-07-31,Kronecker Delta,Kronecker Delta
464,1147900,炼妖记,2019-09-16,LCBGAME,LCBGAME
465,269530,Voice of Pripyat,2014-11-19,Slav Pankratov,Slav Pankratov
466,523190,Weapons of Mythology - New Age -,2016-12-15,Gamemag,IDC/Games
467,700770,ZoneDriver,2018-03-29,Cybertime System,Cybertime System
468,306930,BattleSpace,2013-09-27,Funnel Inc.,Whybe Online
469,567700,Mekside VR,2017-03-27,Quantaze Interactive,Quantaze Interactive
470,1136010,FeArea: Battle Royale,2019-11-21,MUVGAMES,MUVGAMES
471,362300,Just Survive Test Server,2015-04-16,Daybreak Games,Daybreak Games
472,1022780,Animal Fight Club,2019-04-19,Marco Amadei,Corvostudio di Amadei Marco
473,611800,Jidousha Shakai,2017-04-28,CloudWeight Studios,CloudWeight Studios
474,614860,XAOC,2017-08-03,WindThunder Studio,Winking International 
475,1121710,Total Lockdown,2020-03-25,Panzar Studio,OVALIS INVESTMENTS LIMITED
476,754350,忍者村大战2,2018-01-01,杭州分浪网络科技有限公司,杭州分浪网络科技有限公司
477,1048830,Horse Riding Tales,2019-04-12,Foxie Games,App Business Ventures LLC
478,1180460,盛世传奇,2019-11-18,盛世传奇,盛世传奇
479,346220,Lif,2016-01-21,Imigea Ltd,Gamevial
480,1214330,World Seed,2020-02-28,Kortes,Kortes
481,604190,Storm Riders,2017-04-25,"Mokylin Tech. Co.,Ltd",101XP
482,1008000,Aetheria Online,2019-02-01,Zachary Hodges,Zachary Hodges
483,747970,Scions of Fate,2018-01-29,MGAME Corporation,NETGAME Inc
484,916940,利刃 (Blade),2018-12-20,ECool Game,拇指游玩
485,853120,Iron Ground,2018-06-21,UTPlus Interactive Inc.,UTPlus Interactive Inc.
486,953220,Corrupted Commander,2019-01-09,The Chair Studios,The Chair Studios
487,1019040,Smash team,2019-02-05,Kedexa,Kedexa
488,530300,Slymes,2016-11-25,WolfTech Games,WolfTech Games
489,887740,老虎游戏-tiger casino&slot game,2018-11-20,上海信虎文化传播有限公司,上海信虎文化传播有限公司
490,1000860,Allspace,2019-10-18,ShilohGames,ShilohGames
491,756410,Nova 1492,2020-01-13,CODE7,CODE7
492,658510,Dark Eden Origin,2017-08-17,SOFTON ENTERTAINMENT,SOFTON ENTERTAINMENT
493,562700,Paintball 707,2016-11-30,Lotte|EoD,Agger Interactive
494,1008070,I See You,2019-01-22,VR Triber,VR Triber
495,1221070,Alien street battle,2020-02-07,karl brown,karl brown
496,1131720,PROP AND SEEK,2020-01-07,Vidibidi Games®,Vidibidi Games®
497,489560,Astroflux,2016-09-27,Fula Fisken,Fula Fisken
498,611260,Mad Machines,2019-11-15,Hero Blocks ApS,Hero Blocks ApS
499,265770,Cannons Lasers Rockets,2014-02-04,Net Games Laboratory,Net Games Distribution LTD
500,735660,Steamcraft,2019-04-25,"Last Level, SOFF Games",Last Level
501,697630,WARMA,2018-06-19,BA.D,ATU Games
502,451130,Khan: Absolute Power,2016-03-18,Mirinae,Khanatic Network Gaming
503,432290,Elemental Heroes,2016-03-03,mPower Games Studio,mPower Games Studio
504,559310,Illyriad - Grand Strategy MMO,2011-05-16,Illyriad Games,Illyriad Games
505,867420,Andor - the Cards of Wonder,2018-12-03,Good Game Co.Ltd,Good Game Co.Ltd
506,1196880,World Of Conquerors - Origins,2020-02-18,Huntah,Darkness Development
507,649870,NitroRage,2017-07-04,XXXgames,XXXgames
508,1045110,Space Ops VR: Reloaded,2019-05-30,DevCubeStudio,Fibrum Limited
509,1135060,King of the Sandcastle,2020-01-17,Sokpop Collective,Sokpop Collective
510,943640,Sacred Saga Online,2018-10-04,GameHollywood,Global Genom Corporate
511,623370,xDrive VR,2017-06-16,Themes_Daly,Themes_Daly
512,1098390,Project Wasteland,2019-10-14,Chris Nicholson,White Fence Games LLC
513,1220900,Astonia: The Return of Yendor,2020-02-18,A:TroY,A:TroY
514,1075910,Space Bomb,2019-07-15,Diverte Games,Diverte Games
515,719970,Soccer Simulation,2017-11-29,Speedy,Speedy
516,681160,Breach of Contract Online,2017-07-21,Flurry Game Studios,Flurry Game Studios
517,968360,Recursive Pain,2018-11-16,Alex Varvoid,Alex Varvoid
518,1002180,AUSSIE BATTLER TANKS CHRISTMAS FUN,2019-04-06,"LOVATTO STUDIO, SCOTIA 3D, CHOBI GLASS",AUSSIE BATTLER GAMES
519,355840,Survarium,2015-04-02,Vostok Games,Vostok Games
520,346440,Musclecar Online,2015-02-12,Psychic Software,Psychic Software
521,438040,Shakes and Fidget,2016-02-24,Playa Games GmbH,Playa Games GmbH
522,919200,Special Warfare,2018-08-29,battle fire studio,battle fire studio
523,905370,Conqueror's Blade,2019-05-30,Booming Games,MY.GAMES
524,361800,Tree of Life,2017-08-17,Oddone Games,Oddone Games
525,378370,Nomad,2015-06-26,Diminished Studios,Diminished Studios
526,339600,VEGA Conflict,2015-12-14,KIXEYE,KIXEYE
527,734580,BattleRush,2018-03-27,Thunder Devs.,Thunder Devs.
528,672680,Call of War: World War 2,2017-10-21,Bytro Labs GmbH,Bytro Labs GmbH
529,611020,CityBattle | Virtual Earth,2018-10-02,LLC RIKOR IMT,LLC RIKOR IMT
530,987350,PlanetSide Arena,2019-09-19,Daybreak Game Company,Daybreak Game Company
531,349720,Audition Online,2007-04-02,T3 Entertainment,Redbana Corporation
532,295950,新流星搜劍錄,2017-12-20,Titans,Titans
533,222520,Champions of Regnum,2013-02-27,Nimble Giant Entertainment,Nimble Giant Entertainment
534,423890,Gods and Idols,2016-12-12,Viking Tao,Viking Tao
535,669580,The Ultimatest Battle,2017-09-12,Ediogames,Ediogames
536,458960,Winning Putt: Golf Online,2016-10-25,"WEBZENONNET Co., Ltd.",BANDAI NAMCO Entertainment America
537,552110,Puzzle Pirates: Dark Seas,2018-07-06,"Grey Havens, LLC","Grey Havens, LLC"
538,528460,Rogalia,2018-10-15,"TatriX, Nanalli",TatriX
539,1076920,Generals & Rulers,2019-05-31,Hamsters Gaming,Hamsters Gaming
540,744760,Epic Royal,2017-11-23,Integrity Studios,Integrity Studios
541,678450,Full-On Paintball,2018-03-12,Gamepainters,Gamepainters
542,1167760,4islands,2019-10-20,RGS,RGS
543,1237690,HVOR,2020-03-26,"OFFMONREAL, Alex Fedorchenko, Andrey Antonov, Kirill Fedishin, Andrey Zuev",OFFMONREAL GAMES
544,699680,Monopolka,2020-04-13,Koker_007,Koker_007
545,703090,冒险之路(Adventure Road),2017-09-08,"WangJianWei, KuangXiang",WangJianWei
546,1150480,Micro Car Crash Online Le Go!,2019-09-30,Smartmove,Smartmove
547,1045220,Cyber Rage Retribution,2019-04-04,Zulu,Extreme Games
548,1145580,Wolves Team,2019-09-12,SFVR,SFVR
549,1093690,Couch Storm: Battle Royale,2020-01-28,Olivier Grosset-Janin,Groliver7 Studios
550,1158870,无限之心,2019-10-08,无限仙侠,无限仙侠
551,1220830,BATTLE POLYGON,2020-01-27,octopus-studio,octopus-studio
552,1007430,SixCubes,2019-02-19,Dnovel,Dnovel
553,1153930,Easy Shooter,2019-10-04,Funny Games,Funny Games
554,755790,Ring of Elysium,2019-06-24,Aurora Studio,TCH Scarlet Limited
555,386180,Crossout,2017-07-26,Targem Games,Gaijin Entertainment
556,454650,DRAGON BALL XENOVERSE 2,2016-10-27,"QLOC, DIMPS",BANDAI NAMCO Entertainment
557,618620,Naval Armada,2020-01-14,Extreme Developers,Extreme Developers
558,903950,Last Oasis,2020-03-26,Donkey Crew,Donkey Crew
559,921770,HANZ!,2018-10-16,DimleTeam,DimleTeam
560,550900,Metin2,2017-05-08,WEBZEN Inc.,Gameforge 4D GmbH
561,436520,Line of Sight,2017-01-31,BlackSpot Entertainment,BlackSpot Entertainment
562,537180,Digimon Masters Online,2016-11-03,"Move Games Co., Ltd.",MOVE ON USA CO.
563,250420,8BitMMO,2015-01-26,Archive Entertainment,Archive Entertainment
564,212200,Mabinogi,2012-12-06,NEXON Korea Corp.,Nexon America Inc.
565,562010,Tanki Online,2017-03-02,Tanki Online Ltd.,APL Publishing Ltd.
566,436180,Spacelords,2017-09-22,MercurySteam,Mercury Steam Entertainment s.l.
567,666860,Bit Heroes,2017-12-13,Juppiomenz,Kongregate
568,1094780,theFisher Online,2019-10-27,R-Age,R-Age
569,514510,Unreal Heroes,2017-02-03,OxPrime Studio,OxPrime Studio
570,541300,Survive the Nights,2017-12-21,a2z Interactive,a2z Interactive
571,420790,StarBreak,2016-05-10,Crunchy Games,Crunchy Games
572,722960,CASE 2: Animatronics Survival,2019-02-28,Walnut LLC,Walnut LLC
573,510840,Evolvation,2020-03-18,"Eric Ruts, Jacob Kooiman",HyperReuts
574,1124660,STORM AREA 51: AYY LMAO EDITION,2019-09-19,Agafonoff,Agafonoff
575,454540,LuckCatchers,2016-11-15,DiP Online,DiP Online
576,805110,P.A.S.,2018-08-08,Eforb,Eforb
577,979920,Supremacy 1914: World War 1,2019-07-16,Bytro Labs GmbH,Bytro Labs GmbH
578,475630,Crush Online,2016-10-10,Joy Impact,GAMES in FLAMES
579,758980,Poker Legends: Texas Hold'em Poker Tournaments,2018-04-04,DYNAMICNEXT,DYNAMICNEXT
580,948850,魔神之战,2020-02-18,"Gooody Entertainment Co.,Ltd.","Gooody Entertainment Co.,Ltd."
581,1002890,Galaxity,2019-01-24,"MAMMOSSIX Co., Ltd.","MAMMOSSIX Co., Ltd."
582,906360,LUXO Buddies,2018-08-11,Myarcadegames Studios,Myarcadegames Studios
583,436410,Beyond The Destiny,2016-04-11,BTD Team,BTD Team
584,764240,Horse Paradise - My Dream Ranch,2017-09-09,Foxie Games,App Business Ventures LLC
585,815030,SKULL FEAST,2018-09-13,smakarov3,smakarov3
586,945700,Blackjack of Strip,2019-11-08,"Lucky Games, S'Games",Lucky Games
587,863420,Melting World Online,2018-10-04,Juvty Worlds Ltd.,Juvty Worlds Ltd.
588,389530,Garlock Online,2016-05-30,HellconX© Studio's,HellconX™
589,645830,Son Korsan,2017-06-27,Consala Games,Consala Games
590,675410,Eternal Essence,2019-11-13,Blur Entertainment Inc.,Blur Entertainment Inc.
591,1166070,TRIUMPH ACTION,2020-01-20,君悦互动,君悦互动
592,660830,Tanks2.DE,2019-03-22,Plasmakanone.de,Plasmakanone.de
593,757380,Ship Ahoy Open BETA,2018-01-10,OKAM Studio,OKAM Studio
594,997560,Flash Point - Online FPS,2019-03-22,Aidangig,Aidangig
595,1056500,VRLife,2019-04-11,"Wuhan Mandrill VR Co., Ltd.","Wuhan Mandrill VR Co., Ltd."
596,1262030,猎魔战纪,2020-03-21,"猎魔战纪, 魔域永恒",魔域永恒
597,435440,Galaxy Control: 3D Strategy,2016-08-10,FX Games Media,FX Games Media
598,718790,Warmonger,2018-06-14,JoyImpact,GAMESinFLAMES
599,350700,Red Stone Online,2015-04-01,"L＆K CO., LTD","L＆K CO., LTD"
600,705810,Wuxing Master 五行师(CCG),2018-01-08,"Chengdu Touch Times Technology Co., Ltd","Chengdu Touch Times Technology Co., Ltd"
601,625140,Ragnarok Journey,2017-06-12,Youren,Gravity Interactive
602,1146940,I will eat you,2019-12-06,GSE,GSE
603,619310,Ways of History,2017-09-01,Glyph Worlds,Glyph Worlds
604,768370,New Dawn,2018-09-10,e-visualsoft,e-visualsoft
605,1019940,Race for Tuning,2019-04-19,A. Strazhev,A. Strazhev
606,565020,Global Adventures,2017-12-29,PixelSoft,SubaGames
607,980730,Underlight,2018-12-14,"KoiWare, LLC","KoiWare, LLC"
608,645460,Mind Maze,2017-06-23,Satur Entertainment,Satur Entertainment
609,513880,Panzer Warfare,2016-08-25,Kobra Studio,Kobra Studio
610,1141880,Crazy Critters - Combat Cats,2019-09-04,Aligned Games,Aligned Games
611,221100,DayZ,2018-12-13,Bohemia Interactive,Bohemia Interactive
612,226700,Infestation: Survivor Stories Classic,0000-00-00,OP Productions LLC,OP Productions LLC
613,293400,Epic Space,2014-05-08,The Alpha Company,The Alpha Company
614,339610,Freestyle 2: Street Basketball,2015-04-01,JOYCITY,JOYCITY
615,838220,Endersite,2018-05-25,Lilkkgoog,Lilkkgoog
616,407530,ARK: Survival Of The Fittest,2017-08-29,"Studio Wildcard, Instinct Games, Efecto Studios, Virtual Basement LLC",Studio Wildcard
617,302590,Of Guards And Thieves,2016-12-07,Subvert Games,Subvert Games
618,538100,Feel The Snow,2019-12-12,Owlet,Owlet
619,327090,Out of Reach,2018-07-13,Space Boat Studios,Space Boat Studios
620,914260,HALF DEAD 2,2019-08-02,Room710Games,Room710Games
621,417910,Street Warriors Online,2016-12-16,Crazy Rocks Studios,Crazy Rocks Studios
622,826600,I am not a Monster: First Contact,2018-09-27,Cheerdealers,Alawar Premium
623,235400,King’s Bounty: Legions,2013-12-10,Nival,Nival
624,412470,Metal War Online: Retribution,2015-12-11,GDT Limited,GDT Limited
625,764920,Fear the Night - 恐惧之夜,2019-07-17,Snail Games USA,Snail Games USA
626,453270,Madness Cubed,2016-05-12,"epic dreams, diman production, nobodyshot",diman production
627,702320,March of Empires,2017-12-11,Gameloft,Gameloft
628,972170,ECHO OF SOUL,2018-12-06,"Blue Potion Games Co., Ltd","Blue Potion Games Co., Ltd"
629,1072480,The Fisherman - Fishing Planet,2019-10-17,Fishing Planet LLC,Bigben Interactive					
630,381180,Edengrad,2017-04-04,Huckleberry Games S.A.,Huckleberry Games S.A.
631,528740,Operation: New Earth,2016-12-14,Hunted Cow Studios,Hunted Cow Studios
632,914630,Wolf: The Evolution Story,2018-08-21,Foxie Ventures,App Business Ventures LLC
633,1018720,X-POINT,2019-02-26,Andrey Scanarri (Scanarri),Andrey Scanarri (Scanarri)
634,708510,The Promethium Effect - The Idle Clicker MMO,2017-11-27,Zendo Games,Zendo Games
635,527950,Divergence: Year Zero,2016-10-16,Stained Glass Llama,Stained Glass Llama
636,882910,BATTLE X,2018-09-13,"Naviworks Co.,Ltd.","Naviworks Co.,Ltd."
637,824300,Dragon Awaken,2018-10-03,Game Hollywood,Global Genom Corporate
638,523750,The 4th Coming,2019-11-18,"D4O AG, Dialsoft, Nazagoth","Dialsoft, ASP"
639,428940,CONTASION 2,2015-11-29,Alex Woodcock,Alex Woodcock
640,811240,Don't Stand Out,2018-05-31,Tantum Games,Tantum Games
641,787750,Blazing Core (beta),2018-09-07,OctoBox Interactive,OctoBox Interactive
642,438720,Heroes of Shadow Guard,2016-08-03,Iron 27,Iron 27
643,1139060,Battle Arena,2019-09-16,ShadowWolf Games,ShadowWolf Games
644,934800,Little World Of Creatures,2018-10-02,Four Winged Studio,Four Winged Studio
645,586110,Sansar,2018-12-05,Linden Lab,Linden Lab
646,653120,RockShot,2018-06-04,Soleil Ltd.,Soleil Ltd.
647,623310,Arcfall,2017-05-16,Neojac Entertainment inc.,Neojac Entertainment Inc.
648,283060,Lucent Heart,2016-02-11,Playcoo,Suba Games
649,568580,GunFleet,2017-02-06,Areo Gaming,Areo Gaming
650,319730,GRANADO ESPADA,2007-07-10,"HANBITSOFT, INC., IMC GAMES CO.,LTD.",REDBANA CORPORATION
651,734290,World Warfare,2018-04-03,JoyCrafter,WisJoy
652,658970,CasinoRPG,2018-01-16,GoldFire Studios,GoldFire Studios
653,444180,Techwars Online,2016-03-17,Argus Games,Argus Games
654,583740,AVATARIKA,2017-04-11,GameXP.com,GameXP.com
655,779610,DEATH FIELD: The Battle Royale of Disaster,2018-05-03,REDWHALE GAMES Inc.,REDWHALE GAMES Inc.
656,616920,BatMUD,2019-11-19,"Antti A. Luostarinen, Emil Nilimaa, Niklas Lindroos, Matti A. Virtanen, Riku-Ville Mäkelä, Lauri Holmas",Balanced Alternative Techniques ry
657,921940,Icarus Online,2020-03-11,"WemadeIO, Valofe",101XP
658,349450,Dark Forester,2018-07-27,Morozov Sergey,Morozov Sergey
659,1042750,Night shot,2019-10-16,Funny Games,Funny Games
660,839040,Fasaria World: Ancients of Moons + Server,2020-02-03,Fasaria Works,U Game Me
661,810190,Zombie Town : Online,2018-05-11,Moonster Studio,Moonster Studio
662,884880,Super Seeker,2018-11-12,Ennui Studio,"Webble Games, Kwebbelkop"
663,684130,Crimson Tide: Operation Online,2017-08-17,RaleachGamesStudio,RaleachGamesStudio
664,659460,RiotZ,2017-07-06,Triple Rush Games,Triple Rush Games
665,326460,ShellShock Live,2015-03-11,kChamp Games,kChamp Games
666,389430,Knight Online,2016-01-25,"Noah System, Mgame",NTTGame
667,322780,Worlds Adrift,2017-05-24,Bossa Studios,Bossa Studios
668,1104450,Bombergrounds: Battle Royale,2020-03-06,Gigantic Duck Games,Gigantic Duck Games
669,840140,武侠乂 The Swordsmen X,2018-07-26,上海杜昂网络科技有限公司,方块游戏(CubeGame)
670,892130,The Searcher Wild West Adventure,2018-07-12,Nikita ,Ghost_RUS Games
671,1041320,Lords Mobile,2019-06-02,IGG SINGAPORE PTE. LTD.,IGG SINGAPORE PTE. LTD.
672,625340,XERA: Survival,2019-05-24,Spotted Kiwi Interactive,Spotted Kiwi Interactive
673,1135120,Tomscape,2020-01-17,Sokpop Collective,Sokpop Collective
674,663390,Rento Fortune: Online Dice Board Game (大富翁),2017-07-14,LAN - GAMES LTD,LAN - GAMES LTD
675,920690,CardLife: Creative Survival,2019-02-28,Freejam,Freejam
676,354290,LoveBeat,2016-01-13,"CRAZYDIAMOND CO., LTD.","CRAZYDIAMOND CO., LTD."
677,876160,Occupy White Walls,2018-11-14,StikiPixels,StikiPixels
678,454910,Twin Saga,2017-09-01,X-Legend,Aeria Games
679,453000,Wave Beta,2017-04-12,"WaveVR, Inc.","WaveVR, Inc."
680,574080,Fog of War,2018-06-18,Monkeys Lab.,Neokosmos Technologies Ltd.
681,658470,Mini Battlegrounds,2018-08-20,IOA Games,IOA Games
682,384030,Florensia,2016-11-29,AHA Entertainment,Giiku Games
683,880850,War Rock,2019-02-06,Dream Execution,Papaya Play
684,1170970,Marbles on Stream,2018-03-28,Pixel by Pixel Studios Inc.,Pixel by Pixel Studios Inc.
685,822510,Struggle For Survival VR : Battle Royale,2018-04-24,Neuron Studio,Top Power
686,1092500,AQUARYOUNS World,2019-11-11,DJAMACAT GmbH,DJAMACAT GmbH
687,1176450,六界飞仙,2019-10-31,六界游戏,六界游戏
688,539640,Racecar.io,2016-10-18,"Kastriot Sulejmani, Brayden Myers",KasSanity
689,647740,Airmen,2017-07-25,Airborne Games,Airborne Games
690,1012730,九劫曲:诅咒之地 NineTrials Test Server,2019-01-31,深圳市爱玩游戏科技有限公司,深圳市爱玩游戏科技有限公司
691,1117160,Minds of Nations,2020-02-14,"Omnem, CyberSports, Soul Playing Games, Ohm",Soul Playing Games
692,885950,Airranger,2019-08-01,Chesstar studios,Chesstar studios
693,802390,Astonia Reborn,2018-08-20,Astonia Reborn,Astonia Reborn
694,630140,Sky Clash: Lords of Clans 3D,2018-09-05,AIVIK LLC,Absolutist Ltd.
695,1252250,The Celtos ALPHA,2020-03-06,"Douglas Mello, Gabriel Rodrigues",The Celtos
696,378480,Badland Bandits,2015-07-16,Wild Wolf Std,Wild Wolf Std
697,894830,Hanz Puppetguns,2018-08-15,DimleTeam,DimleTeam
698,391240,Forgotten Lore,2018-08-26,Coty Getzelman,Coty Getzelman
699,461180,SurrealVR,2016-04-15,Surreal Games,Surreal Games
700,530160,Eve of Destruction - REDUX VIETNAM,2018-11-01,Lotte|EoD,Agger Interactive
701,1172820,You Only Livez Twice,2019-10-26,Ben McMahan,mcmahan.games LLC
702,489240,Exile to Death,2018-06-01,Aleksei Milchakov,Manifestors Games Studio
703,1218750,Orum's Death Run,2020-03-09,OrumGames,OrumSoftware
704,998590,Infernum,2019-11-15,Altope Interactive,Altope Interactive
705,1265850,Chatventures,2020-04-09,Sokpop Collective,Sokpop Collective
706,688210,Deathlands,2017-11-24,Frost Studios,Frost Studios
707,1272710,唐门六道,2020-04-15,唐门六道,唐门六道
708,708930,Dice 1000 online,2018-03-01,Alexander Shvab,Alexander Shvab
709,544290,Tyto Online,2016-11-25,Immersed Games,Immersed Games
710,299740,Miscreated,2018-12-18,Entrada Interactive LLC,Entrada Interactive LLC
711,506540,Last Man Standing,2017-03-29,"Free Reign Entertainment, Free Reign Entertainment",Free Reign Entertainment
712,501740,Dropship Down,2016-07-21,Fast Forward Games,Fast Forward Games
713,744900,Dead Frontier 2,2019-07-15,Creaky Corpse Ltd,Creaky Corpse Ltd
714,882280,Tinkr Garage,2018-10-09,"Tinkr, Inc.","Tinkr, Inc."
715,349700,Romero's Aftermath,2015-09-24,Free Reign Entertainment,"OP Productions LLC, Free Reign East LLC"
716,879160,Battlerite Royale,2019-02-19,Stunlock Studios,Stunlock Studios
717,436150,Governor of Poker 3,2016-02-19,"Azerion, YoudaGames","Azerion, Youda Games Holding B.V."
718,206480,Dungeons & Dragons Online,2012-06-25,"Standing Stone Games, LLC","Standing Stone Games, LLC"
719,588210,HELLION,2019-10-21,Zero Gravity,Zero Gravity
720,231060,Ragnarok Online 2,2013-05-01,"Gravity, Inc.",Gravity Interactive
721,874240,MU Legend,2018-08-06,VALOFE,VALOFE
722,318100,AXYOS,2018-08-01,Axyos Games,Axyos Games
723,429540,Prime World: Defenders 2,2018-11-29,Nival,Nival
724,386010,Steambirds Alliance,2019-08-22,Spry Fox LLC,Spry Fox LLC
725,488440,Angeldust,2019-12-21,Frank Lucas,Metagaming B.V.
726,1185560,Astellia,2020-01-30,Studio 8,Barunson E&amp;A
727,1241100,POLYGON,2020-03-06,Redaster Studio,Redaster Studio
728,436560,Kings and Heroes,2017-11-16,Industry Games,Industry Games
729,838330,Warlords Awakening,2018-11-28,PLAYWITH Inc.,PLAYWITH Interactive Inc.
730,524970,Helmet Heroes,2013-03-10,Helmet Games,Helmet Games
731,227400,Darkfall Unholy Wars,2013-04-25,Aventurine SA,Aventurine
732,838900,Cereal Soup,2018-06-02,Wild Arts LLC,Wild Arts LLC
733,335820,Dream Of Mirror Online,2015-08-14,SoftStar,SubaGames
734,673260,Starblast,2017-11-08,Neuronality,Neuronality
735,1042590,新巨商,2019-05-31,渺云星,渺云星
736,767300,War of Conquest,2018-09-20,IronZog,IronZog
737,672310,Kingdoms Of Marazia,2018-08-06,Fire Dragon Studios,Fire Dragon Studios
738,1230980,盛世遮天之真龙主宰,2020-02-17,"盛世遮天之真龙主宰, 盛世遮天之真龙主宰","盛世遮天之真龙主宰, 盛世遮天之真龙主宰"
739,953990,Heart of the Kingdom: Rebellion,2019-01-31,AllMySkyStudio,AllMySkyStudio
740,1197440,Broken Spell 2,2020-02-11,Jaming Soo,YIBAILI SOFTWARE
741,660450,Orbs,2017-09-18,I SHOW YOU, I SHOW YOU
742,947890,VirtualCast,2019-07-29,"VirtualCast, Inc.","VirtualCast, Inc."
743,1071700,DeathMatch,2019-05-17,Baser Software,Baser Software
744,469930,Pandum online,2016-09-16,Electronic Experience,Electronic Experience
745,903710,Headshot VR,2018-11-07,VR Studio,VR Studio
746,729680,RANDOM OF WARS,2019-03-17,EliT,PulsarInBox
747,1019820,Galaxicus,2019-06-28,Crimson Leaf LLC,Crimson Leaf LLC
748,956000,Su Hack,2018-11-02,Eric L.,EL TECH
749,789010,Wanderfog,2019-07-17,gamesnnstudio,zao_mesherskoe
750,732110,OneScreen Wagons,2017-10-27,Anti-Ded GameDev,Anti-Ded GameDev
751,795990,Rise: The Vieneo Province,2020-02-04,"Unistellar Industries, LLC","Unistellar Industries, LLC"
752,304050,Trove,2015-07-09,Trion Worlds,Trion Worlds
753,280790,Creativerse,2017-05-08,Playful Corp.,Playful Corp.
754,380600,Fishing Planet,2015-08-11,Fishing Planet LLC,Fishing Planet LLC
755,889460,Mirror Stage,2018-08-06,MGstudio,MGstudio
756,671310,Pararea--Social VR for Everyone (Beta),2017-09-15,Metaverse,Metaverse
757,268420,Aura Kingdom,2014-07-01,X-Legend,Aeria Games
758,429790,AdventureQuest 3D,2016-10-19,"Artix Entertainment, LLC","Artix Entertainment, LLC"
759,290730,My Lands: Black Gem Hunting,2014-09-16,"Gravvit Ltd, Forbes  Consult Ltd",ELYLAND  INVESTMENT COMPANY Ltd
760,461910,Forge of Gods (RPG),2016-05-06,Panoramik Inc,Panoramik Inc
761,764050,Maelstrom,2019-09-20,"Gunpowder Games, Inc.","Forthright Entertainment, Inc"
762,595690,One Hour One Life,2018-11-08,Jason Rohrer,Jason Rohrer
763,1163130,Oasis,2019-12-16,上海唯二网络科技,上海唯二网络科技
764,99910,Puzzle Pirates,2011-08-31,"Grey Havens, LLC","Grey Havens, LLC"
765,1262090,Island of Deception's Mod Tool,2020-03-05,风暴工作室（Storm Studio）,游力卡工作室（Yooreka Studio）
766,748370,STAND OUT : VR Battle Royale,2019-05-17,raptor lab,raptor lab
767,905640,Combat Arms: Reloaded,2018-10-31,"VALOFE, NEXON",VALOFE
768,594770,Legends of Aria,2019-08-06,Citadel Studios Inc,Citadel Studios Inc
769,223410,Perpetuum,2014-10-17,Avatar Creations,Gamestorm Ltd
770,891040,Pool 2D - Poolians,2019-12-10,Poolians.com,ThankGame.com
771,289780,Requiem: Rise of the Reaver,2008-06-19,"Gravity Interactive, Inc.","Gravity Interactive, Inc."
772,362070,Metal Reaper Online,2015-09-16,N2Games,"Sesisoft, JC Planet"
773,505700,Anyland,2016-10-06,Anyland + Manyland,
774,775220,Crusaders of Light,2018-03-07,Hong Kong Netease Interactive Entertainment Limited,Hong Kong Netease Interactive Entertainment Limited
775,385890,Golden Rush,2015-09-23,Forbes Consult Ltd,ELYLAND  INVESTMENT COMPANY Ltd
776,737930,Online Circle Pong,2018-01-11,Vladimir Alekseev,Vladimir Alekseev
777,660730,Ventura Inc,2018-06-01,Ben Strijbos,Ben Strijbos
778,340140,Elemental World Part 1:Rise Of The Guardians,2017-11-07,Wise Owl Studios,Wise Owl Studios
779,1143670,凡人飞仙,2019-09-01,QHgame,QHgame
780,1086840,Operation Sniff,2020-03-23,SoloQ,SoloQ
781,548080,Space Merchants: Arena,2016-11-04,Playito.com,Playito.com
782,794990,Geometry Runner Online,2018-03-07,Vais,Vais
783,546660,Operation Breakout,2016-10-28,"SGTTB_Studios, Phanom Games","SGTTB_Studios, Phanom Games"
784,978290,Total Battle,2018-12-18,Fusion Core,SCOREWARRIOR LIMITED
785,357320,Break_In,2015-04-29,Craig Gibbs,Craig Gibbs
786,523760,Loot or Die,2016-09-16,Chris Antoni,Chris Antoni
787,1197220,Another Try,2020-04-19,Blue Wolf Studio,Blue Wolf Studio
788,989000,Ruthless Water,2019-01-08,贪婪龙,贪婪龙
789,679270,Antaria Online,2017-10-04,"Antaria, LLC","Antaria, LLC"
790,390100,9Dragons,2017-02-14,JoongWon Games,RedFox Games
791,397040,Sphere III: Rage of the Devastator,2015-08-18,GameXP.com,GameXP.com
792,455020,Jackpot Poker by PokerStars,2017-03-20,PokerStars Mobile Limited,PokerStars Mobile Limited
793,793490,Exocraft,2019-03-12,GoldFire Studios,GoldFire Studios
794,782660,Armada: Modern Tanks,2018-02-26,Extreme Developers,Extreme Developers
795,463000,Hero Battle,2016-04-28,Wang Liwen,Wang Liwen
796,725780,Play With Me: Escape room,2019-01-17,Airem,Airem
797,987450,胸怀三国 OL / 삼국지를 품다 / Embrace the Three Kingdoms OL,2019-05-22,VALOFE,VALOFE
798,747920,Hero Plus,2018-01-22,MGAME Corporation,Netgame Inc
799,914160,Zup! Arena,2018-12-20,Quiet River,Quiet River
800,966070,Relow,2020-02-26,Tommaso Romanò,Tommaso Romanò
801,769720,Island of Deception,2020-03-31,Storm Studio,Yooreka Studio
802,663830,George VS Bonny PP Wars,2018-07-27,Winter Bloom,Asterion Games
803,711700,DIE,2019-02-20,Neosia Entertainment,Valentin Bertolino
804,1240910,神鬼降世,2020-02-18,"神鬼降世, 赤月传说2",赤月传说2
805,908440,All For One,2019-01-01,ALU Interactive,ALU Interactive
806,786280,Armored Squad,2017-11-29,FoxForceGames,FoxForceGames
807,1219930,热血传奇,2020-02-23,热血传奇,热血传奇
808,934990,Cute Girls VR,2018-09-22,Tomimar,Tomimar
809,680170,VR Triber,2017-10-26,VR Triber,VR Triber
810,1245610,AChat,2020-04-04,AChat Animation Studios,AChat Animation Studios
811,690460,Sky Hunter,2017-11-09,Codex7,Codex7
812,1081810,时之扉,2019-06-11,JT Technology,JT Technology
813,1011810,エルソード (ELSWORD),2019-03-13,KOG,KOG
814,1178200,Somewhere inside,2019-11-08,Funny Games,Funny Games
815,1210680,封神纪,2020-01-12,修仙界,炼气期
816,366860,Spy Bugs,2015-06-26,Digital Soul Games,TheGameWall Studios
817,908950,Glow Chess,2018-08-07,13-lab,"13-lab, azimut team"
818,773520,Refight:Burning Engine,2018-10-15,梵天游戏,梵天游戏
819,740250,Neos VR,2018-05-04,"Frooxius, Solirax",Solirax
820,359960,Choice Chamber,2015-07-16,Studio Bean,Studio Bean
821,438600,Soccer Manager,2016-02-09,Soccer Manager Ltd,Soccer Manager Ltd
822,893390,Meridian 59,2018-08-28,"Archetype Interactive, Andrew and Christopher Kirmse","The 3DO Company, Near Death Studios"
823,922450,4X-Galaxy 无主之地：银河,2018-12-20,Mercator,Mercator
824,1149400,The Yellow King,2020-02-05,Spellbook,www.Spellbook.com
825,745810,SAS,2018-06-06,True Illusion Software,True Illusion Software
826,895040,CSC | Space MMO,2019-08-26,"Lucid Sight, Inc.","Lucid Sight, Inc."
827,708940,Rebons,2017-09-22,Star Legion,Star Legion
828,949690,Record of Lodoss War Online,2019-01-15,"L＆K CO., LTD","L＆K CO., LTD"
829,331810,Lost Region,2019-07-15,Farom Studio,Farom Studio
830,819790,Laplace：拉普拉斯的神子,2018-10-02,"X-Legend Entertainment Co., Ltd.","X-Legend Entertainment Co., Ltd."
831,473810,Killbot,2016-07-10,"nobodyshot, diman production",diman production
832,865200,"DiveReal (inactive, stopped)",2018-06-18,exaQuark,exaQuark
833,658420,Agents of Aggro City Online,2018-01-05,Starlight Studios,U Game Me
834,1269960,Inferno Wizards,2020-04-17,Home Fire Games,Home Fire Games
835,615070,Dealey Plaza Paintball,2019-08-07,Jason Baird,Jason Baird
836,931250,Pixel Royale,2018-11-06,Cloud AceGamer,Cloud AceGamer
837,888970,MiniCar Race - 极品飞车2019 Mini,2018-07-13,Beyond Games,Beyond Games
838,376210,The Isle,2015-12-01,Afterthought LLC,Afterthought LLC
839,578310,BRAIN / OUT,2017-02-24,Desertkun,Desertkun
840,589290,Holdfast: Nations At War,2020-03-05,Anvil Game Studios,Anvil Game Studios
841,342200,MechWarrior Online Solaris 7,2015-12-10,Piranha Games Inc.,Piranha Games Inc.
842,346120,Boring Man - Online Tactical Stickman Combat,2014-04-04,Spasman Games,Spasman Games
843,840800,Outlaws of the Old West,2019-03-12,Virtual Basement LLC,Wandering Wizard
844,260430,The Four Kings Casino and Slots,2015-06-01,Digital Leisure Inc.,Digital Leisure Inc.
845,1180380,Stay Out,2019-11-27,Mobile Technologies LLC,Mobile Technologies LLC
846,915460,ULTIMATE HARDBASS DEFENCE,2019-04-12,Magnolia Art,Magnolia Art
847,629640,Sea Battle VR,2017-11-24,视趣互动（天津）科技有限公司,视趣互动（天津）科技有限公司
848,400250,Heaven Island - VR MMO,2015-12-01,"Fabio Ferrara, Giulia Airoldi",Chubby Pixel
849,415660,Tiger Knight,2018-04-30,NetDragon Websoft Inc.,NetDragon Websoft Inc.
850,840510,Furious Drivers,2020-02-04,Bearded Games,Bearded Games
851,389040,Project Genom,2016-10-12,NeuronHaze,NeuronHaze
852,547860,Rend,2019-03-29,Frostkeep Studios,Frostkeep Studios
853,814480,Mini World: Block Art,2018-04-27,"Miniwan Technology Co.,Limited","Miniwan Technology Co.,Limited"
854,322300,The Repopulation,2014-12-19,IF Studios,IF Studios
855,360730,Cards and Castles,2015-12-18,Red Team Games,Red Team Games
856,300040,Divine Souls F2P MMO,2014-08-15,GamePrix,Suba Games
857,394380,BattleStick,2016-05-06,Pinterac,Winch Gate Property Limited
858,1144170,Warhammer: Chaos And Conquest,2019-11-18,Hunted Cow Studios,Tilting Point
859,1157340,Hentai Killer,2019-09-27,PlatSTUDIO,"PlatSTUDIO, AFBIK Studio"
860,896590,MilMo,2018-08-02,Dohi Sweden AB,Dohi Sweden AB
861,1047410,Steambirds Alliance Beta,2019-05-24,Spry Fox LLC,Spry Fox LLC
862,638020,Castle Wars VR,2018-05-09,Arrible,Arrible
863,974520,Ultimo Reino,2020-02-09,ultimoreino,ultimoreino
864,994320,Night City 2177,2019-02-23,Alongini,Alongini
865,776510,RICHCODE富豪密码,2018-08-15,万族游戏,万族游戏
866,1261800,传奇世界,2020-04-07,传奇世界,传奇世界
867,675230,Secondhand Lands,2017-12-01,"Callipygian Games, LLC","Callipygian Games, LLC"
868,457590,Luna Online: Reborn,2017-10-17,Funtime,Subagames
869,501210,Reign of Darkness,2019-11-20,Unorthodox Studio,Unorthodox Studio
870,1010270,Nether: The Untold Chapter,2019-05-15,Fredaikis AB,Nether Productions LLC
871,593620,The Last Conflict,2017-09-01,Darker Emerald,EmmyGames
872,355070,TDP5 Arena 3D,2014-09-15,Javelin OÜ,Javelin OÜ
873,624371,Black Desert Online - Explorer's Package,2016-03-03,Pearl Abyss,Kakao Games Europe B.V.
874,886520,HopeLine,2019-03-28,DHH Game,DHH Game
875,283100,Colonies Online,2014-05-01,Iron Bit,Iron Bit
876,390540,High Fidelity,2016-11-09,"High Fidelity, Inc","High Fidelity, Inc"
877,929140,Tank Royale,2019-04-01,BSS company,BSS company
878,816590,FinalFire,2018-05-09,深圳中青宝互动网络股份有限公司,深圳中青宝互动网络股份有限公司
879,1101420,Dragon Call,2019-07-10,organelemonhouse,organelemonhouse
880,692530,Community Garden,2017-10-10,Somnium Space Ltd.,Somnium Space Ltd.
881,624370,Black Desert Online - Traveler's Package,2017-05-24,Pearl Abyss,Kakao Games Europe B.V.
882,979300,Allied Nations,2018-12-24,Alex Cooper,Alex Cooper
883,684930,Fantasy ERA,2017-08-10,Fatih KAYA,FKgames
884,1145590,Kastle Krush,2019-10-11,Neiroanalitika,Neiroanalitika
885,930030,Cyber Watch,2020-01-11,"Kartikay rathi, Ansh siddhu, Ritik kumar, Keshav Bhadana, Ashish Chaudhary, Pradeep Negi, Vansh Siddhu",kartikay rathi
886,599430,War of Castle VR,2017-03-13,lemonvr,lemonvr
887,479180,Space Universe,2016-06-15,Universe,Universe
888,1235980,Nice Try!,2020-02-12,Roman Shuvalov,Roman Shuvalov
889,604530,EmbodyMe Beta,2017-03-22,EmbodyMe Inc.,EmbodyMe Inc.
890,977670,Snow Ash Land,2018-11-27,Faust,Hope
891,745920,Temtem,2020-01-21,Crema,Humble Bundle
892,497270,MIGHT,2016-07-13,Fast Forward Games,Fast Forward Games
893,505460,Foxhole,2017-07-27,Clapfoot,Clapfoot
894,1216960,真龙主宰,2020-01-16,真龙主宰,真龙主宰
895,471710,Rec Room,2016-06-01,Rec Room,Rec Room
896,216150,MapleStory,2012-08-09,Nexon,Nexon America Inc.
897,1049800,BLOCKADE Classic,2019-05-21,Novalink,Novalink
898,835860,Dreadnought,2018-10-14,"Six Foot, YAGER",Grey Box
899,374280,Hired Ops,2016-10-21,Absolut Soft LLC,Absolut Soft LLC
900,1147660,ArcheAge: Unchained,2019-10-17,XLGAMES,"Trion Worlds, gamigo US"
901,511800,ONRAID,2017-04-18,Pragmatix Ltd,Pragmatix Ltd
902,502550,Strike.is: The Game,2016-07-14,Freakinware Limited,Freakinware Limited
903,500710,Wild Terra Online,2017-12-18,Juvty Worlds Ltd.,Juvty Worlds Ltd.
904,606140,Survived By,2018-12-05,Human Head Studios,Digital Extremes
905,468250,Warfare Online,2017-05-08,Con Artist Games,Con Artist Games
906,510660,Big Bang Empire,2016-08-23,Playata GmbH,European Games Group AG
907,455300,Deuterium Wars,2019-10-10,Disquire,Disquire
908,757130,Paintball War,2018-06-01,ShadowWolf Games,ShadowWolf Games
909,605230,Grey Hack,2017-12-14,Loading Home,Loading Home
910,428180,Islet Online,2019-02-12,Morenori Soft,Morenori Soft
911,454600,Age of Cavemen,2016-05-24,Fuero Games,Fuero Games
912,542480,Therian Saga,2017-03-27,Virtys,Virtys
913,1010860,Hide and Seek,2019-02-01,Funny Games,Funny Games
914,960130,Galaxity Beta,2018-11-12,"MAMMOSSIX Co., Ltd.","MAMMOSSIX Co., Ltd."
915,982760,Medieval Towns,2019-03-15,Station 437,Station 437
916,1054370,Sandbox Anything,2019-12-18,Fizzostia,Fizzostia
917,797660,God Test,2018-04-18,God Test,God Test
918,542940,Kickoff Legends,2016-12-13,StudioQi,StudioQi
919,774121,Super Jet Juck,2018-11-22,Dnovel,Dnovel
920,833380,Downtown,2018-04-23,TephraSPB,TephraSPB
921,995880,BLOCK Multiplayer: RPG,2020-03-16,CyberMotion Games,CyberMotion Games
922,614970,Qbike: Cyberpunk Motorcycles,2017-07-28,GexagonVR,GexagonVR
923,686090,Bloodlines of Prima,2020-03-19,Amazastrophic,Amazastrophic
924,1157960,Blackout Rugby Manager,2019-12-19,Blackout Games,Blackout Games
925,835620,Sneiroball,2018-07-20,Sneirox,Sneirox
926,881910,The Battle Of Ages,2018-09-07,None,None
927,495350,Woodle Tree 2: Worlds,2016-09-16,Fabio Ferrara,Chubby Pixel
928,497860,Zezenia Online,2008-09-01,"rojekti, Saucer Software",rojekti
929,719200,The Wall,2018-11-02,Aero Games,Aero Games LLC
930,509560,Heroes of Dire,2017-03-15,Spellbook,www.Spellbook.com
931,548290,Dark Eden,2016-11-28,SOFTON ENTERTAINMENT,SOFTON ENTERTAINMENT
932,756360,LINCH,2018-01-02,Datura Games,Datura Games
933,1116600,Art Of Air War,2019-07-25,Jotar,DZ-Games
934,695690,Ancient Siberia,2017-12-11,Valga Games Studio,Valga Games Studio
935,1097960,ClickRaid2,2020-04-16,Slikey Games,Slikey Games
936,660330,Ragnarok RE:START,2017-07-18,Gravity Interactive,Gravity Interactive
937,622470,Road Dogs,2017-09-26,Teletower Studios,Teletower Studios
938,809580,RAMS,2018-09-20,AFY Games,AFY Games
939,842660,MiniState,2020-02-20,Nalu Zou,Nalu Zou
940,1202240,Fighters Wizards,2020-04-18,OuroborOs_, OuroborOs_
941,932810,BattleCry: World At War,2018-10-01,DYNAMICNEXT,DYNAMICNEXT
942,745900,Tank of War-VR,2018-01-02,梵天游戏,梵天游戏
943,306130,The Elder Scrolls Online,2014-04-04,Zenimax Online Studios,Bethesda Softworks
944,113400,APB Reloaded,2011-12-06,Little Orbit,Little Orbit
945,335240,Transformice,2015-01-30,Atelier 801,Atelier 801
946,952120,阿达三国志2019  竖版 Three Kingdoms 2019,2018-11-29,阿达游戏,阿达游戏
947,1174550,Bird Simulator,2020-01-07,GameFlare.com,Gametoria
948,809960,Radical Heights,2018-04-10,Boss Key Productions,Boss Key Productions
949,327070,Gloria Victis: MMORPG,2016-06-09,Black Eye Games,Black Eye Games
950,257730,Infinity Wars: Animated Trading Card Game,2014-09-05,Lightmare Studios,"Lightmare Studios, Yodo1 Games"
951,337950,The SKIES,2016-04-16,Eforb,Eforb
952,287920,Mortal Online,2015-08-31,Star Vault AB,Star Vault AB
953,562590,Galactic Junk League,2017-07-26,Pixel Federation,Pixel Federation
954,1236880,Survival Africa,2020-04-17,Dean Thomas,MeanDean Gaming
955,326360,Warspear Online,2017-11-02,AIGRIND,AIGRIND
956,375900,Trackmania Turbo,2016-03-24,Nadeo,Ubisoft
957,686600,Rapture Rejects,2018-11-29,"Galvanic Games, Explosm Games",tinyBuild
958,616090,龙魂时刻,2017-06-27,,
959,552920,Sailaway - The Sailing Simulator,2018-02-27,Orbcreation,Orbcreation
960,784950,CONFLICT OF NATIONS: WORLD WAR 3,2018-03-15,Dorado Games,Dorado Games
961,623340,Stars End,2019-10-14,Reverie World Studios,Reverie World Studios
962,520860,Impulse of War,2017-02-24,Dmitry Medvedev,Dmitry Medvedev
963,552600,Outscape,2019-10-22,IDA Games,IDA Games
964,249550,NEStalgia,2014-04-15,Silk Games,Silk Games
965,407700,Lonath Online,2015-10-16,4NetGames,4NetGames
966,688930,City of Ages: Picture Supportive Text MUD (server and client included),2017-10-13,Darren N Lory,Formsmatter
967,714880,大乱斗 Chaos Battle,2017-10-13,绿叶工作室,绿叶工作室
968,1153870,沙巴克传奇,2019-09-29,ZLXGAME,ZLXGAME
969,360590,"Once Bitten, Twice Dead!",2015-07-17,Gamestarters,"Gamestarters Publisher, Gamestarter's"
970,1112870,Cardaria,2019-09-28,TripleSky,TripleSky
971,777250,The Tavern of Magic,2018-09-07,Gnamics Ltd.,Gnamics Ltd.
972,577710,Pirates of Everseas,2019-08-12,Moonmana,Moonmana
973,969970,BattleRush: Ardennes Assault,2019-01-10,Thunder Devs.,Thunder Devs.
974,448150,Mystica: The Ninth Society,2016-03-07,Bread Vision Studios LLC.,Bread Vision Studios LLC.
975,872580,The Neon Boy,2018-07-02,Shenshella,Shenshella
976,1118500,Thugsters Battle Royale,2019-09-20,TheMasterGames,TheMasterGames
977,961680,Rampage Online,2018-11-14,Glitch Studio,Glitch Studio
978,978620,Corma: The Next Level,2019-01-23,Nemo Studios,Nemo Studios
979,449470,Atulos Online,2016-04-30,Parallaxian Pty Ltd,Parallaxian Pty Ltd
980,394120,Atom Universe,2017-12-25,Atom Republic,Atom Republic
981,768750,MonteCrypto: The Bitcoin Enigma,2018-02-20,"Gem Rose Accent, Corentin Derbré",Gem Rose Accent
982,405980,Legend of Dungeon: Masters,2015-11-30,Robot Loves Kitty,Robot Loves Kitty
983,542590,SoulSaverOnline,2012-07-19,Smartbig Corportion,Netgame
984,1110830,篮球计划 Project Dunk,2019-09-26,GIP12,Giant Games
985,588120,Capsa,2017-10-23,"db.works, Vetron",Vetron
986,931070,Echo of Combats,2019-02-06,Mad Devices,Mad Devices
987,803800,WIDE CROSS,2019-11-26,Tripeaks,Tripeaks
988,743580,CARRUMBLE,2019-11-06,3DClouds,3DClouds
989,734590,Civil Warfare: Another Bullet In The War,2018-01-22,Mental Zone Digital Game Studios,Mental Zone Digital Game Studios
990,773540,Boss Crushers,2019-05-15,Space Horse,Space Horse
991,814310,D.A.T.A,2018-10-07,Dexied Games,Dexied Games
992,684400,Power War:The First Men,2018-03-22,"Andrea Mancuso, Graziano Ferraro",Ferman Studio
993,505020,Neon Exile,2019-08-06,Mythical City Games,Mythical City Games
994,765790,Legend of Long Night,2018-04-17,Joyo Games,Joyo Games
995,1010420,Crash-Site: Conquest,2019-03-11,Ian Dircks,Happy Turtle Productions
996,777550,King Battle,2018-01-29,Qian Light  Network Technology,Qian Light  Network Technology
997,656730,Block Robot Mini Survival Game,2017-07-07,Theodor Niklas,Theodor Niklas
998,702430,SCHOOL SIMULATOR MULTIPLAYER,2017-09-10,CREATIV GAME DEVELOPER LLC.,CREATIV GAME DEVELOPER LLC.
999,648070,CrisisActionVR,2017-09-11,Pixel Wonder,Pixel Wonder
1000,952090,Grand Strategy,2019-01-07,Denizen Seven,Denizen Seven
1001,1052500,御龙在天-平衡国战版,2019-06-22,深圳墨麟科技股份有限公司,深圳墨麟科技股份有限公司
1002,798240,CRYEP,2018-09-14,"IMLBE, Dnovel",IMLBE
1003,535330,Block King,2017-02-10,Chris_Antoni,Chris_Antoni
1004,849860,The Risen Dead VR,2018-07-26,"Maniamind Co.,Ltd","Maniamind Co.,Ltd"
1005,376310,Otherland MMO,2015-09-10,Drago Entertainment,Game OL GmbH
1006,956580,9Dragons : Kung Fu Arena,2019-05-27,Joongwon Entertainment,Joongwon Games
1007,721030,La Tale - Evolved,2017-11-29,Actoz Soft,Papaya Play
1008,491260,Take Thy Throne,2016-07-05,Charyb Games,Charyb Games
1009,762560,ManaRocks,2019-03-08,Rockgames,Rockgames
1010,965080,江湖求生 Ganghood Survival,2018-11-12,雷武游戏,雷武游戏
1011,750470,War Brokers,2018-04-18,Trebuchet Entertainment LLC,Trebuchet Entertainment LLC
1012,513440,Path of War,2016-09-12,Envision Entertainment,Envision Entertainment
1013,616830,Cartoon Strike,2020-03-11,Gametoria,Gametoria
1014,890820,Valor Time,2018-11-14,ObjectOnIT,ObjectOnIT
1015,734550,Wheel Riders Online OBT,2017-12-27,Raum Studio,Raum Studio
1016,950240,Rise of the Pirates,2019-02-02,Ravanok,Ravanok
1017,1000110,Jumping Master(跳跳大咖),2019-04-08,重庆环游者网络科技,重庆环游者网络科技
1018,426560,Full Tilt Poker,2016-01-26,Rational Social Projects Limited,Rational Social Projects Limited
1019,718810,Teleporter,2018-09-25,Teleporter Realities,Teleporter Realities
1020,651560,Clash of Robots,2017-11-09,Timuz Games,Timuz Games
1021,1246060,三国梦之队,2020-02-24,"三国梦之队, 三国梦之队",三国梦之队
1022,1105530,Light Hunters: Battalion of Darkness,2019-11-14,"Sergio Matsumoto, Manon 'Stripes' Potier",DTDA Games
1023,617720,ASTA : ASTA Server,2017-06-22,POLYGON GAMES,"Move Games. Co., LTD"
1024,1219610,Courage and Honor,2020-02-07,Funny Games,Funny Games
1025,646910,The Crew 2,2018-06-28,Ivory Tower,Ubisoft
1026,489940,BATTALION 1944,2019-05-23,Bulkhead Interactive,Square Enix
1027,736220,Post Scriptum,2018-08-09,Periscope Games,Offworld Industries
1028,593600,PixARK,2019-05-31,Snail Games USA,Snail Games USA
1029,390670,Steel Ocean,2015-11-12,ICE Entertainment,Changyou.com Limited
1030,878380,Touhou Big Big Battle,2018-09-10,MyACG Studio, MyACG Studio
1031,805940,RUSSIA BATTLEGROUNDS,2018-07-13,Agafonoff,Agafonoff
1032,11610,Dragon Nest,2012-12-18,Eyedentity Games Inc.,Eyedentity Games Inc.
1033,1155150,刀剑天下,2019-10-14,ZLXGAME,ZLXGAME
1034,799960,Wizard101,2018-09-06,KingsIsle Entertainment,KingsIsle Entertainment
1035,550470,NosTale,2017-09-18,"Entwell Co., Ltd.",Gameforge 4D GmbH
1036,1076730,Attached,2019-06-06,Dracula Games,Dracula Games
1037,464350,Screeps,2016-11-16,Screeps,Screeps
1038,797430,HD Poker: Texas Hold'em,2018-09-14,Z4,Z4
1039,520530,INTERSHELTER,2016-11-20,Eforb,Eforb
1040,694720,Not My Car – Battle Royale,2019-04-05,NMC Studios,Skybound Games
1041,792990,Identity,2018-11-30,Asylum Entertainment Inc.,Asylum Entertainment Inc.
1042,340810,Deepworld,2015-04-22,Bytebin,Bytebin
1043,1076500,Valgrave: Immortal Plains,2020-02-07,Edenic Era LLC,Edenic Era LLC
1044,457010,StarsOne,2016-04-08,IllusoryWorldEntertainment,IllusoryWorldEntertainment
1045,340540,TDP4:Team Battle,2012-09-10,JAVELIN OÜ,JAVELIN OÜ
1046,442810,UFO Online: Invasion,2016-06-08,Bad Pixel,Bad Pixel
1047,861050,DemonsAreCrazy,2019-09-12,Bigbug Studio,Bigbug Studio
1048,330880,Redemption,2016-08-11,"Move Games Co., Ltd.","Move Games Co., Ltd."
1049,1180630,Swordia,2019-11-13,"MCKZ Studios, Unseen Studios",MCKZ Studios
1050,1153700,Eternal Magic,2020-04-17,Duoyi,101XP
1051,955070,Forex Trading Master: Simulator,2018-12-10,Linkflag,Linkflag
1052,1101290,0Gravity,2019-07-26,Viktor Kunshin,KvaKoon Team
1053,657180,The Adliberum Engine (ADLENGINE),2017-06-23,Liam Twose,Liam Twose
1054,953610,HOT GIRLS VR,2018-10-26,tomimar,tomimar
1055,896850,Car Crash Online,2018-07-28,Smartmove,Smartmove
1056,1058660,ArchMMO 2,2019-04-12,CG Creations,CG Creations
1057,1215030,Memeow & Comodore: Reloaded,2020-02-14,Yotta Dev Games,Yotta Dev Games
