,ID,Game
0,402430,Out of the Park Baseball 17
1,385760,NBA 2K17
2,515220,F1 2017
3,577800,NBA 2K18
4,928600,F1 2019
5,465650,Out of the Park Baseball 18
6,310560,DiRT Rally
7,252950,Rocket League
8,391040,F1 2016
9,872790,Football Manager 2019
10,244210,Assetto Corsa
11,1100600,Football Manager 2020
12,207140,SpeedRunners
13,488920,Knockout League - Arcade VR Boxing
14,690790,DiRT Rally 2.0
15,590690,Sprint Vector
16,44690,GT Legends
17,414870,Super Mega Baseball 2
18,737800,F1 2018
19,234630,Project CARS
20,44360,F1 2011
21,261180,Lethal League
22,365660,OlliOlli2: Welcome to Olliwood
23,63200,Monday Night Combat
24,277390,VIDEOBALL
25,389730,TEKKEN 7
26,94400,Nidhogg
27,228380,Wreckfest
28,592580,PRO EVOLUTION SOCCER 2018
29,228760,TrackMania² Canyon
30,15520,AaAaAA!!! - A Reckless Disregard for Gravity
31,415200,Motorsport Manager
32,398640,Bowl Bound College Football
33,882020,Monster Energy Supercross - The Official Videogame 2
34,208500,F1 2012
35,638000,When Ski Lifts Go Wrong
36,770240,PRO EVOLUTION SOCCER 2019
37,44350,GRID 2
38,711540,Lonely Mountains: Downhill
39,237350,Frozen Cortex
40,243360,TrackMania² Valley
41,266410,iRacing
42,681280,Descenders
43,255220,GRID Autosport
44,274250,OlliOlli
45,570460,Laser League
46,421020,DiRT 4
47,232910,TrackMania² Stadium
48,925550,Cross Racing Championship Extreme
49,805550,Assetto Corsa Competizione
50,256390,MotoGP14
51,389140,Horizon Chase Turbo
52,236690,Blood Bowl 2
53,841370,NBA 2K19
54,234710,Poker Night 2
55,529520,Mutant Football League
56,1089350,NBA 2K20
57,58520,Blood Bowl - Legendary Edition
58,243800,Gas Guzzlers Extreme
59,844040,RUSH
60,460920,Steep
61,1089830,Monster Energy Supercross - The Official Videogame 3
62,438430,Valentino Rossi The Game
63,297760,Qvadriga
64,695290,The Golf Club 2019 featuring PGA TOUR
65,525920,Pro Cycling Manager 2017
66,31280,Poker Night at the Inventory
67,468920,Ultimate Fishing Simulator
68,759740,RIDE 3
69,269730,The Golf Club
70,1066260,Devolver Bootleg
71,704230,Pro Cycling Manager 2018
72,772480,Super Inefficient Golf
73,621970,Trailblazers
74,310880,Basketball Pro Management 2015
75,300610,Pure Pool
76,348820,FIM Speedway Grand Prix 15
77,345660,RIDE
78,545270,NBA Playgrounds
79,477770,Ride 2
80,936140,Pro Cycling Manager 2019
81,621020,Antigraviator
82,1072500,AO Tennis 2
83,664430,WWE 2K18
84,465660,Franchise Hockey Manager 3
85,458170,SpiritSphere DX
86,408760,Pro Cycling Manager 2016
87,899390,Xenon Racer
88,876190,Football Drama
89,682810,GUTS
90,272890,Vertiginous Golf
91,558260,Gravel
92,314340,Chess 2: The Sequel
93,286570,F1 2015
94,226580,F1 2014
95,510510,WWE 2K17
96,390090,Shot Online
97,767390,Dakar 18
98,243450,Urban Trial Freestyle
99,529440,Behold the Kickmen
100,389670,Pacer
101,274880,Jet Car Stunts
102,34180,Vancouver 2010 - The Official Video Game of the Olympic Winter Games
103,405500,Dangerous Golf
104,251690,Speedball 2 HD
105,230650,Lords of Football
106,587400,Snow Moto Racing Freedom
107,543010,Bush Hockey League
108,1015500,WWE 2K20
109,887630,Harpoon Cat
110,543120,HandPass VR
111,1231780,Classic Card Game Hearts
112,1051190,Reel Fishing: Road Trip Adventure
113,1053640,RockaBowling VR
114,997760,GGANG!
115,943210,SUB FOUR -the uncle-
116,571740,Golf It!
117,815780,PIPE by BMX Streets
118,805850,Wrecked
119,831980,Out of the Park Baseball 20
120,256370,MXGP - The Official Motocross Videogame
121,366760,Adorables
122,649190,Blast Zone! Tournament
123,552920,Sailaway - The Sailing Simulator
124,356370,Soccer Manager 2015
125,429330,Stikbold! A Dodgeball Adventure
126,775900,MotoGP18
127,1018160,MXGP 2019 - The Official Motocross Videogame
128,391580,Egyptian Senet
129,454140,First Person Tennis - The Real Tennis Simulator
130,508530,HackyZack
131,381750,RC Simulation 2.0
132,704830,Esports Life: Ep.1 - Dreams of Glory
133,1110830,篮球计划 Project Dunk
134,420550,Super Arcade Football
135,932980,Axis Football 2018
136,363530,Robot Arena III
137,565390,Hyperun
138,529020,Virtual-O
139,355010,Race Arcade
140,905230,IQ Test
141,752380,TERRORHYTHM (TRRT) - Rhythm driven action beat 'em up!
142,442220,Iron Madness
143,407190,Club Manager 2016
144,752170,Save Your Nuts
145,347060,Pro Basketball Manager 2016
146,384320,Handball 16
147,598640,Wonder Wickets
148,1076640,Cricket Captain 2019
149,642170,Legendary Hunter VR
150,388270,Baseball Mogul 2015
151,744980,Super Club Soccer
152,455700,Big Buck Hunter Arcade
153,1175470,Shine's Adventures 6 (Go! Girls)
154,880470,Pro Basketball Manager 2019
155,697430,Differently Fast
156,914180,MMA Team Manager
157,611720,Practisim VR
158,882280,Tinkr Garage
159,602490,Blood Bowl: Death Zone
160,573550,GoalkeepVr
161,560150,PLANNES
162,471730,Rocket Ski Racing
163,839890,Kama Bullet Heritage 2
164,630080,EggTime 2
165,510080,Worldy Cup
166,1058330,Fort Boyard
167,1220630,Crazy VR Dance Party
168,956360,Badminton Warrior (羽毛球勇士 中国新年版)
169,928370,Axe Throw VR
170,566150,Bowling at the Lake
171,1175100,单词训练营 | Word Training Camp
172,601590,BattleTrucks
173,1012580,Triumph in the Skies
174,646380,Uphill Skiing
175,806830,Horse World
176,1140070,Tractor Cargo Driving Simulator
177,1005530,Club Soccer Director PRO 2020
178,692310,REPULSE: Galactic Rivals
179,844310,Curling World Cup
180,852450,The Stray Cat
181,667690,Bedlamball
182,898930,Pingball Ultra
183,569940,Bocce Beach
184,782210,Arc Surfer
185,693240,Mahjong Challenge
186,1163090,Boot Camp Fitness
187,721480,VR Hockey League
188,971900,Draft Day Sports: Pro Basketball 2019
189,1016690,DUST-UP
190,1099010,Bocce VR
191,696880,2D Paintball
192,713230,VR Drivers
193,1111200,Car Soccer World Cup
194,582390,Ski Sport: Jumping VR
195,910500,Goalkeeper Legend
196,526090,Very Real Chess
197,931210,Tabletop Basketball VR
198,542670,Extreme Skiing VR
199,788500,7 Soccer: a sci-fi soccer tale
200,546040,Ancient Code VR( The Fantasy Egypt Journey)
201,615070,Dealey Plaza Paintball
202,1193930,Ping Pong Space - Retro Tennis
203,584080,Proton Ball
204,618600,挑战立方VR(Challenge Cube VR)
205,748670,Skydiving Simulator VR
206,412560,Pro Basketball Manager 2016 - US Edition
207,1233120,Street Racing 2020
208,286940,S.K.I.L.L. - Special Force 2 (Shooter)
209,485610,Ball 3D: Soccer Games
210,410340,Liftoff: FPV Drone Racing
211,287340,Colin McRae Rally
212,269170,Sports Bar VR
213,994930,Soccer Manager 2019
214,673560,IOSoccer
215,273840,Stock Car Extreme
216,299500,International Snooker
217,1160330,Fight of Animals
218,649640,Ashes Cricket
219,377060,On a Roll
220,497700,Safety First!
221,887800,Snooker 19
222,856130,Dark SASI
223,329190,Volo Airsport
224,554750,Axis Football 2017
225,1004210,Pandamonia 潘德莫尼亚
226,394290,Tennis in the Face
227,880380,Franchise Hockey Manager 5
228,723610,Dream Golf VR
229,715370,Fidget Spinner Editor
230,773390,Aim Trainer Pro
231,572160,Golf for Workgroups
232,453680,MiniGolf Mania
233,566780,Beats Fever
234,462480,Sweet Escape VR
235,340960,Pulsen
236,1050510,Super Tennis Blast
237,419990,Ganbare! Super Strikers
238,535160,"Fire in the Goal ""轰个球"""
239,636460,Rugby League Team Manager 2018
240,566380,Speedball Arena
241,422140,Wrestling Spirit 3
242,970730,Ball Out
243,1103770,Super Arcade Racing
244,1237540,Ultimate MMA
245,458370,VR Baseball
246,796780,Star Drift
247,1136880,Baby Walking Simulator
248,377550,Unfair Jousting Fair
249,736340,VR Mini Bowling
250,1230860,2MD: VR Football Evolution
251,509070,Super VR Trainer
252,855580,Ahlman Arcade 2018
253,511790,Retro Football Boss
254,532120,Header Goal VR: Being Axel Rix
255,380950,Bocce Revolution
256,664650,Canadian Football 2017
257,871510,Wheelchair Simulator
258,683790,Tractorball
259,1203230,Shake Your Body
260,1218830,Tropical Air Hockey
261,406410,Minigolf VR
262,1085390,Angler's Life
263,807790,Parkour Simulator
264,1029570,Perfect Round Disc Golf
265,792720,Boxing Apocalypse
266,1253570,Futuball - Future Football Manager Game
267,1063470,Ski Jumping Pro VR
268,718410,AWS Argentina Wingshooting Simulator
269,1181270,God of Gym
270,850880,Vegetaball
271,1078130,Cannon Arena
272,853320,KURT - DER FUSSBALLMANAGER
273,1050810,The Hunt in the Forest
274,1131270,Zombie Golf
275,1024860,BFGE (Bartender Flair Game)
276,373820,Soccer Pinball Thrills
277,765560,Pro Strategy Football 2018
278,859660,Discs of Steel Party
279,578010,Australian Football Coach
280,389230,Fish or Die
281,1176970,Bolf
282,1131110,Orbitblazers
283,1159890,Supercar Drift
284,575560,Space Badminton VR
285,833770,Couch Party Game Night
286,1063330,麻神消消乐
287,721670,Frontiers.io
288,985930,::CallBack
289,1015470,Need for Spirit: Off-Road Edition
290,1002650,Puttin' Around
291,804620,Boxing Fighter : Super punch
292,348570,Monster Minis Extreme Off-Road
293,1167710,clutchball
294,981540,Stellar Sphere
295,720540,TRIPLE TWENTY - VR Darts
296,673250,Exterminator: Escape!
297,862190,Footy Ball Tournament 2018
298,537170,4x4 Offroad Racing - Nitro
299,1000870,On Target VR Darts
300,678570,VR Fitness
301,1249380,Kepler
302,1040370,Thigh Climbers
303,1086070,HOT VIEW ECCHI GIRLS
304,1037810,Ping Pong Trick Shot EVOLUTION
305,960940,VRiczat - The Virtual Reality Cricket Game
306,816160,Score a goal 2 (Physical football)
307,567890,Zero-G
308,1151200,Just Drift It !
309,818790,Stunt Hill
310,499070,Pro Strategy Football 2016
311,794180,PRO FISHING SIMULATOR
312,780080,Bikour!
313,261600,Basketball Pro Management 2014
314,330520,Tail Drift
315,455770,YamaYama
316,557960,Beach Bowling Dream VR
317,729990,HEXOPODS
318,1062080,Goofballs
319,505220,King of Spin VR
320,1148030,Esport Test Toolkit (ETT)
321,456160,Flag N Frag
322,940700,Infinity Disk
323,987980,王者战车
324,921960,Koliseum Soccer VR
325,1028340,Spare Teeth VR
326,1067560,AIR Battlefront
327,729310,Draft Day Sports: College Basketball 2017
328,496790,Nothin' But Net
329,519490,NBA 2KVR Experience
330,750870,JumpBall 2
331,465090,Don Bradman Cricket 17 Demo
332,563610,VR Squash 2017
333,698480,Hippo Sports
334,719540,VR DREAM MATCH BASEBALL
335,970940,The Unicorn Princess
336,1189520,Street Hoop
337,814020,Quickshot
338,1149120,Drift 1969
339,632240,Gunball
340,767330,Indoor Rock Climbing VR
341,1112840,Shelter in Place
342,1122210,Guns Craft
343,1266070,Smashing Healthy VR
344,924660,RollerPlay
345,818240,Fix Race
346,840860,I Pay No Rent
347,1092300,Drone Racer
348,873710,Paris: Jigsaw Puzzles
349,1135320,VR瓦割り / VR roof tile
350,725320,Dance Studio VR
351,1265360,3D Hentai Blackjack
352,1188060,My hot beach vacation
353,1109340,Tennis. Amazing tournament
354,1037600,Lord Democrat Strikes Out!
355,978650,SpaceFrog VR
356,861650,Session: Skateboarding Sim Game
357,375530,"Football, Tactics & Glory"
358,252850,Streamline
359,263740,FootLOL: Epic Fail League
360,393410,World of Soccer
361,532190,Super Blood Hockey
362,407120,Soccer Manager 2016
363,510630,Soccer Manager 2017
364,757130,Paintball War
365,257790,Riptide GP2
366,509420,Riding Club Championships
367,336150,Virtual Pool 4
368,488300,Infinite Air with Mark McMorris
369,883130,New Star Manager
370,661940,Regular Human Basketball
371,868080,Golf Galore
372,273750,Formula Truck 2013
373,899930,Spaceball!
374,898580,Premium Bowling
375,428190,MadOut Open City
376,740230,Just Ski - a physics game by Jeff Weber
377,444520,Leave Me Alone: A Trip To Hell
378,555060,Final Soccer VR
379,460230,Starters Orders 6 Horse Racing
380,403880,MotoGP15 Compact
381,44600,GTR - FIA GT Racing Game
382,266270,Gridiron Solitaire
383,336250,Monster Jam Battlegrounds
384,821350,R.B.I. Baseball 20
385,328830,Rugby Union Team Manager 2015
386,674570,Bear Football
387,324110,Moto Racer Collection
388,798930,Swing Dunk (Beta)
389,1014050,Hockey Manager 20|20
390,823700,AUTOCROSS MADNESS
391,359340,Pixel Puzzles Mosaics
392,978960,Starters Orders 7 Horse Racing
393,500480,Fist of Physics
394,1051570,Hockey Player VR
395,757100,VR RHYTHM ACTION SEIYA
396,797710,RPGolf
397,1099920,Pro Strategy Football 2020
398,705410,World War Party: Game Of Trump
399,697580,Screamer
400,534910,3D Arcade Fishing
401,877390,Contact Draw: Bowling
402,493790,#Archery
403,276300,My Riding Stables: Your Horse world
404,880200,J15 Jet Fighter VR (歼15舰载机)
405,822700,Beer and Skittls VR
406,726580,Game Machines: Arcade Casino
407,380600,Fishing Planet
408,732430,Superflight
409,1070330,Russian Life Simulator
410,399820,Kopanito All-Stars Soccer
411,396650,ACE Academy
412,641780,The Drone Racing League Simulator
413,1241100,POLYGON
414,797410,Headsnatchers
415,288140,Perfect Golf
416,1100620,Football Manager 2020 Touch
417,408740,Pro Gamer Manager
418,1078730,Soccer Manager 2020
419,441010,Mount Your Friends 3D: A Hard Man is Good to Climb
420,422860,Holodance
421,1037480,Classic Racers
422,455020,Jackpot Poker by PokerStars
423,280830,Foosball - Street Edition
424,585080,Hunting Simulator
425,526920,SQUAKE
426,671170,Great eSports Manager
427,370800,Fields of Battle
428,692690,Dance Collider
429,819630,Basketball Classics
430,425300,Super Button Soccer
431,1088950,Touring Karts
432,326590,Cinemaware Anthology: 1986-1991
433,1072100,CHIKARA: Action Arcade Wrestling
434,393460,Crazy Pixel Streaker
435,277850,Sportsfriends
436,570860,AudioBeats
437,817720,Cricket Captain 2018
438,432310,Virtual Pool 4 Multiplayer
439,276360,Riding Star - Horse Championship!
440,614970,Qbike: Cyberpunk Motorcycles
441,464000,Arcade Saga
442,507080,Baseball Mogul Diamond
443,1029730,VR Ping Pong Pro
444,1157960,Blackout Rugby Manager
445,462110,3 Coins At School
446,507300,Club Manager 2017
447,526130,Sky Sanctuary
448,1081710,Most Correct Football Simulator
449,468780,The Concourse
450,545130,Pro Basketball Manager 2017
451,726600,Drift Zone
452,527580,PITCH-HIT ARCADE
453,420380,The Strike
454,576720,"Light and Dance VR - Music, Action, Relaxation"
455,376120,Assault Corps 2
456,552370,Riders of Asgard
457,1073410,Boxing Champs
458,907460,Girlfriend Cards
459,1027190,Hot Squat 2: New Glory
460,623570,PingBall VR
461,578610,Super Pixel Smash
462,511560,World of Golf
463,1051500,Digital Diamond Baseball V8
464,1030380,Real Fishing VR
465,747790,Olson's Boxing Challenge
466,620800,Big Hit VR Baseball
467,719250,Cove Point Fun Center VR
468,1012720,Pix Tower
469,441640,VALENS
470,1187790,FULLCHOKE : Clay Shooting VR
471,793970,Super Kids Racing
472,700650,Adventure Golf VR
473,606720,Cosmic Kites
474,856300,Disc Golf VR
475,1243750,Sea Fishing Simulator
476,816730,HeadON!
477,953610,HOT GIRLS VR
478,1159480,BOW MAN
479,454390,Rally Copters
480,787460,Squash Kings VR
481,933920,GIRLS VR UNCENSORED!!!
482,1058500,Muscle Car Robot
483,1018810,Drumpfy Walls
484,503900,Candy Smash VR
485,1045740,Hit&Run VR baseball
486,577370,Boost
487,886780,Jelly Wrestle
488,494850,VeeR Pong
489,867750,Gull Kebap VR
490,884590,Garage Master 2018
491,810650,The Next Day After Friday
492,697320,Kung Fu All-Star VR
493,678500,The Climber
494,1194380,Volleyball Fever Flat
495,848470,Action Card Football
496,582110,Baskhead Training
497,524610,Ceggtcher VR
498,1092190,Astonishing Baseball 2019
499,1231820,Classic Card Game Poker Pack
500,782420,RHCs StretchingVr
501,525590,Brawlderdash
502,1231760,Classic Card Game Gin Rummy
503,1142870,Hentai Fight Club
504,1047830,DARK FABLE
505,999330,Juggernauts
506,930150,HappyFishing
507,244930,SNOW
508,351030,Pixel Puzzles Ultimate Jigsaw
509,592600,PRO EVOLUTION SOCCER 2018 LITE
510,726590,NBA 2K Playgrounds 2
511,429780,Bunny Hop League
512,346470,Tennis Elbow 2013
513,428080,Racket: Nx
514,798290,MXGP PRO
515,601770,Sparc
516,872820,Football Manager 2019 Touch
517,212780,New Star Soccer 5
518,594490,Deadly Hunter VR
519,665330,Wrestling Revolution 3D
520,741990,Wild Animal Sports Day
521,366690,Cue Club 2: Pool & Snooker
522,803830,The Snowboard Game
523,796290,World of Tennis: Roaring ’20s
524,595420,Franchise Hockey Manager 4
525,344800,World of Mixed Martial Arts 3
526,337960,ClusterPuck 99
527,615910,Katana X
528,329610,R.B.I. Baseball 15
529,497100,FootRock
530,772180,Cricket Club
531,846730,RUGBY 20
532,528640,Rugby Union Team Manager 2017
533,487770,Hoops VR
534,1144860,Flying Sword
535,531990,Egg Time
536,374460,Impossiball
537,1057990,Viking Trickshot
538,743830,SuperTrucks Offroad
539,334620,Soccertron
540,571430,Drone Hero
541,370600,Hello Kitty and Sanrio Friends Racing
542,645750,Rule with an Iron Fish - A Pirate Fishing Adventure
543,342870,Corona MotorSport
544,851980,Ball Grabbers
545,696490,TOTOBALL
546,766250,Kaz Ball
547,671740,VR SHOOT AROUND - Realistic basketball simulator -
548,1154080,Rugby League Team Manager 3
549,847530,HyperBowl
550,1192380,TOTALLY BASEBALL
551,759260,Go All Out
552,869750,Super Chicken Catchers
553,399900,Mad Snowboarding
554,681790,ViKubb
555,772530,Crayola Scoot
556,813440,DrillsVR
557,569420,VRQB
558,438660,Jerry Rice & Nitus' Dog Football
559,1028840,Super Toy Cars 2
560,828320,Grid Clash VR
561,475470,Global Soccer Manager
562,1064080,Rhythm Defender
563,678450,Full-On Paintball
564,913340,Pro Strategy Football 2019
565,763350,Slime Sports
566,942760,Burnout Drift
567,1179480,Beat Beauty
568,546100,BOTOLO
569,844900,Director of Football
570,852530,Atex Brawl
571,830750,Poker Simulator
572,833800,Speed Car Fighter
573,1039570,Find the Oil Racing Edition
574,801700,AlpenCROSS
575,984910,Rocket Golf
576,808420,Global Soccer Manager 2018
577,707610,Food Mahjong
578,911240,Super Streaker Plus
579,581920,Dunk It (VR Basketball)
580,340410,SuperBike TT
581,1166090,EnviroGolf
582,1136030,Apple Pop
583,1024600,SkydiVeR
584,559140,Pinheads Bowling VR
585,927580,Smoker The Car Game
586,1060060,GOLF in PAPER
587,684770,Fall Fear Fly Redemption
588,996620,LCD Sports: American Football
589,891270,Draft Day Sports: Pro Golf
590,777530,Salsa-Virtual
591,814010,Ball Driver
592,748720,ATV Simulator VR
593,1217370,Classic Card Game Spades
594,1027550,Bikini Surfer Girl - Wild Wahine
595,548790,Clothesline Carnage
596,649040,Isle in the Sky
597,850550,World of Virtual Reality VR
598,595470,Shadow Circuit
599,951110,VR Cricket
600,655640,HOCKEY SPACE
601,1235520,HENTAI DANCE
602,1181130,Play with NEKO
603,1001730,Twisting Mower
604,1029990,Wet Beach Pussies
605,949860,Goalkeeper VR Challenge
606,1117520,G.A.C.K. - Gaming App Construction Kit
607,756680,Angelo Skate Away
608,992250,Gravityball
609,644740,VRun
610,690670,Klondike Solitaire Kings
611,1058210,Pixel Puzzles 2: Halloween
612,1146480,DriftWay
613,1266650,Cyber Driver VR
614,1109550,CricVRX - VR Cricket
615,817970,High Noom VR
616,796930,Neon Spaceboard
617,909500,Hurricane chase(飓风追击)
618,855160,VTree Beach Volleyball
619,1147140,Funny Road Chase Simulator
620,710990,KENDAMVR - Virtual Reality Kendama
621,1245380,NEKO-GIRL PLAY
622,1162310,Drift Masters
623,1110470,This Is Space
624,1045350,Hentai Pussy
625,999480,Hentai - Color by Number
626,996470,eFootball PES 2020
627,586980,MadOut2 BigCityOnline
628,703860,GRID
629,797430,HD Poker: Texas Hold'em
630,18820,Zero Gear
631,703950,Just Fishing
632,561600,MXGP3 - The Official Motocross Videogame
633,1037190,Shipped
634,496250,Paddle Up
635,897410,Esports Life Tycoon
636,668430,V-Racer Hoverbike
637,600720,Trackmania² Lagoon
638,553590,Hot Squat
639,366290,DDI Fishing Simulator
640,456780,DUCATI - 90th Anniversary
641,518040,Volleyball Unbound - Pro Beach Volleyball
642,1181790,Circle of Sumo: Online Rumble!
643,859700,USA 2020
644,854890,International Basketball Manager
645,850230,Women's Soccer Manager
646,353890,Casey Powell Lacrosse 16
647,616240,Premium Pool Arena
648,226780,MUD Motocross World Championship
649,594370,Crazy Fishing
650,662230,Trendpoker 3D: Texas Hold'em Poker
651,725960,Ballistic Mini Golf
652,589280,Stunt Kite Masters VR
653,708760,Social Club VR : Casino Nights
654,857050,Casual Penalty
655,757040,Desert Golfing
656,336680,TREBUCHET
657,371850,Football Mogul 2014
658,502650,Autumn Park Mini Golf
659,603630,Rubber Ball VR
660,577210,Q.U.I.R.K.
661,548450,Foreveracers
662,777430,Virtual Boxing League
663,488150,Octoshield VR
664,644610,Drums Hero PC
665,816500,Micro Pico Racers
666,542940,Kickoff Legends
667,27200,Summer Athletics
668,1024430,Super Arcade Soccer
669,713030,Mini Hockey Champ!
670,625700,Global Soccer Manager 2017
671,623900,Table Football Pro
672,522300,Polywings
673,1004200,Biathlon Battle VR
674,400380,Tactical Soccer The New Season
675,493620,VR Disc Golf
676,655610,Horse Racing 2016
677,1034120,GACHIMUCHI The Card Game
678,763490,Precision Archery: Competitive
679,934990,Cute Girls VR
680,1256950,Draft Day Sports: College Basketball 2020
681,680170,VR Triber
682,623050,CyberClub-2077
683,1074310,The Real Man Summer Championship 2019
684,1013700,Draft Day Sports: College Football 2019
685,1006120,Tetsumo Party
686,909630,Desktop Dynasties: Pro Football
687,905870,Inn: the Countryside
688,983840,HUNTING SIMULATOR VR
689,903620,Everyday Baseball VR
690,802310,PingPong Kings VR
691,660390,RageBall
692,660560,Fishing on the Fly
693,1283070,Untitled Puzzle Simulator
694,301250,SPORT1 Live : Duel
695,689270,Chessia
696,393540,TNN Motorsports Hardcore TR
697,665210,Hoop Shot VR
698,635930,DOGO
699,1076410,VRRCC
700,958220,Search for Surf
701,253710,theHunter Classic
702,766570,Russian Fishing 4
703,457330,High Octane Drift
704,707680,Slapshot
705,216890,Blood Bowl: Chaos Edition
706,658570,FURIDASHI: Drift Cyber Sport
707,296770,Real Boxing
708,264120,Victory: The Age of Racing
709,671620,Beast Battle Simulator
710,355130,MotoGP15
711,458960,Winning Putt: Golf Online
712,393930,RoShamBo
713,259490,Beast Boxing Turbo
714,903730,AXIOM SOCCER
715,522230,The Fishing Club 3D
716,808080,Ultimate Racing 2D
717,408030,UniBall
718,495290,AccuRC 2
719,444000,Super Night Riders
720,297310,Pro Wrestling X
721,276340,My Riding Stables: Life with Horses
722,801750,Hot Shot Burn
723,1222040,Offroad Mania
724,490990,Penguins Cretins
725,372490,GROOVY
726,491620,Beeftacular
727,738550,Spike Volleyball
728,914170,Duck Life: Battle
729,430080,Elysium: Blood Games
730,366230,BASEBALL STARS 2
731,1219650,K-Point Ski Jumping
732,985530,Hunter
733,343120,Motorbike
734,495520,Ping Pong League
735,307980,Cricket Captain 2014
736,369270,Megatect
737,1255970,Kicks Online
738,1051170,家园（Home Land）
739,652230,CrazyCar
740,643590,Everyday Golf VR
741,890800,Country Park
742,321160,Timber Tennis: Versus
743,616890,VR Slugger: The Toy Baseball Field
744,809340,Extreme School Driving Simulator
745,393860,Smoots World Cup Tennis
746,755560,Arrowpoint
747,1113490,River Legends: A Fly Fishing Adventure
748,975390,Dodgeball Simulator VR
749,866260,EreaDrone - The FPV Simulator
750,612600,Drone Fighters
751,958790,Big Breezy Boat - Relaxing Sailing
752,1054930,Mine the Gold
753,764890,Match Point
754,834000,Cross Country Skiing VR
755,1196450,Stop Sign VR
756,655630,Paddle Battle
757,563410,Necroball
758,904820,VR Jogger
759,678200,VR Table Sports
760,1078930,Fatty Space
761,425870,Gyrodisc Super League
762,1008010,Spykebots
763,494350,Bowl VR
764,1066310,OFFSIDE
765,20200,Galactic Bowling
766,471220,Don't Drop the Bass
767,606670,Crowd Smashers
768,513680,Maximum Archery The Game
769,1191190,War Robots: Planet Defender
770,748830,Yanone: Letter Splatter
771,788720,Naturallandscape - GuilinLandscape (自然景观系列-桂林山水)
772,979720,Big Bash Boom
773,400570,WarpBall
774,556700,Heavy Impact
775,906360,LUXO Buddies
776,913770,Toy Gun Office Simulator
777,907190,GRITS Racing
778,1091570,Transporter Truck Simulator
779,1027800,Fly Flew Flown
780,559300,Thunder Spheres - Virtual Reality 3D Pool
781,886830,ParkourMan
782,1257190,VR Mini Bowling 2
783,767020,Shooting Sports Gun Club
784,878400,Muay Thai Fighting
785,724480,World Circuit Boxing
786,564920,Smoots Tennis Survival Zombie
787,591140,Disc League
788,1187740,InfiniteBeat
789,921840,Sabreurs - A Noble Duel
790,502350,ATV Quadracer Ultimate
791,496360,RC Racing Off Road 2.0
792,1081910,Fancy Skiing: Speed
793,1221660,Little Tennis
794,834030,Slamdunk VR
795,519550,SPACE DVRTS
796,1231770,Classic Card Game Go Fish
797,1114610,Hover Tank Arena
798,1056310,Biplane Racer
799,1019070,Soft cookie
800,912140,SpaceBall in Cube
801,824720,Pure Rock Crawling
802,70620,Worms Crazy Golf
803,518060,Chess Ultra
804,489600,The Golf Club VR
805,1053000,PLANES ATTACK
806,746940,Nippon Marathon
807,444880,Death Stair
808,611260,Mad Machines
809,538840,City Climber
810,794860,eSail Sailing Simulator
811,451990,Cranks and Goggles
812,415600,Kart Racing Pro
813,368000,100ft Robot Golf
814,608660,Psebay
815,861350,Gym Simulator
816,616520,Cheap Golf
817,385490,MiniDrivers
818,625910,Time Recoil
819,869060,Resort Boss: Golf | Management Tycoon Golf Game
820,810500,PowerBeatsVR
821,844750,Go-Kart Racing
822,786630,MY 1980's DASHBOARD
823,470470,Birdsketball
824,1262060,Battle Ram
825,462590,Taekwondo Grand Prix
826,599590,Volleyball Fever
827,544540,The Fastest Fist
828,296790,ThunderWheels
829,415080,Cyber Team Manager
830,526980,Handball 17
831,388390,"""Glow Ball"" - The billiard puzzle game"
832,363430,D Series OFF ROAD Driving Simulation
833,628530,Blobby Tennis
834,698770,Watch Me Jump
835,1157050,Flinger Tactics
836,615330,Happy Penguin VR
837,1144460,SOUNDART
838,367700,SHOFER Race Driver
839,1081120,hoVRboard
840,416700,5 Minutes Rage - Hatred Edition
841,493290,World VR Competition
842,505120,Valentino Rossi The Game Compact
843,755520,Battle Shapes
844,676960,Hotlap Heroes
845,681150,Rainbow Duck
846,539190,CuVRball
847,1036660,MiniGolf Maker
848,791990,MOBA GM
849,1058750,无奇刀 Wookie's Blade
850,1124530,Draft Day Sports: Pro Football 2020
851,951450,Fit It
852,913820,MMA Simulator
853,671840,"Eat, Sleep, Bet, Repeat"
854,766650,D.R.I.L.L.
855,654840,I Want Toilet!!!!!!
856,909220,Punch Pad Workout
857,454830,Beach Ball Valley
858,1231710,Super Foosball
859,775690,Platform Golf
860,657560,Dodgeball
861,738210,Galactic Orbital Death Sport
862,782510,Draft Day Sports: Pro Football 2018
863,802210,BSL Winter Games Challenge
864,943920,Spinball
865,769150,Casino Slot Machines
866,1088040,MMA Executive
867,869910,Amaze Bowl
868,851940,Dirt Bike Insanity
869,1177390,Future Snooker
870,960240,Stunt Kite Party
871,876860,Magic Chess
872,528910,Golf Pro VR
873,817950,Naturallandscape - Three Gorges (自然景观系列-长江三峡)
874,989260,Home Plate Baseball
875,582360,Spud Cricket VR
876,982020,Eurobi Racing
877,624630,TennisVR
878,878120,UniteStar
879,802320,Tennis Kings VR
880,773570,Log Challenge
881,1199650,Cube Smash
882,987620,Ski Drive: Biathlon
883,657450,Claybreaker - VR Clay Shooting
884,513310,Aviators
885,820660,Future City Coaster
886,538700,TURGUL: RAPID FIGHTING
887,875320,Exo Racing
888,586890,Play with Balloon
889,1231810,Classic Card Game Mahjong
890,1101960,WREN
891,1072120,Hentai Pussy 2
892,995210,Tale of Fortune
893,965140,VR Smash Park
894,211500,RaceRoom Racing Experience
895,393430,Ice Lakes
896,603260,The Cat Games
897,438100,VRChat
898,471710,Rec Room
899,962730,Skater XL - The Ultimate Skateboarding Game
900,365960,rFactor 2
901,431600,Automobilista
902,798420,Professional Fishing
903,641960,BOXVR
904,371420,Teddy Floppy Ear - The Race
905,356510,Soccer Rage
906,216260,Don Bradman Cricket 14
907,400020,Atari Vault
908,806140,Achievements printer
909,286240,Dog Sled Saga
910,743370,Soccer Manager 2018
911,306350,Slipstream 5000
912,449050,Rock Paper Scissors Champion
913,322850,Pro Cycling Manager 2015
914,668170,Incline
915,12690,Hunting Unlimited 2010
916,396360,LocoSoccer
917,779430,Full Ace Tennis Simulator
918,329690,BasketBelle
919,492710,VR Ping Pong
920,537360,JumpBall
921,603030,Lamp Head
922,716680,Nirvana Pilot Yume
923,588290,Goalie Challenge VR
924,708940,Rebons
925,501110,Mount Wingsuit
926,468100,Aqua Moto Racing Utopia
927,429360,Lupinball
928,1103780,Top Speed 2: Racing Legends
929,283490,IHF Handball Challenge 12
930,606490,Duck Life: Space
931,347690,Natural Soccer
932,351050,Cricket Captain 2015
933,477180,Shard Games
934,951740,Nice Shot! The Gun Golfing Game
935,1047380,MMA Arena
936,658500,Ultra Space Battle Brawl
937,612640,Dunk Lords
938,966720,Pumped BMX Pro
939,500110,Glider Island
940,111300,Smash Cars
941,528110,Tennis Elbow Manager
942,752640,National Rugby Manager
943,498980,DUO
944,349530,TableTop Cricket
945,1209750,FlowState
946,270030,Snow Horse
947,666800,Solitaire - Cat Pirate Portrait
948,1197440,Broken Spell 2
949,404400,BADBLOOD
950,1085150,Golf Defied
951,546610,Acro Storm
952,725970,COMBAT INSTINCT
953,876930,Fancy Skiing 2: Online
954,896700,Extreme Drifters
955,735550,Crazy Soccer: Football Stars
956,544480,Draft Day Sports: Pro Basketball 2017
957,629780,WizzBall
958,716600,Premier Buggy Racing Tour
959,896850,Car Crash Online
960,994180,Tennis Fighters
961,802330,Badminton Kings VR
962,965000,DriftKing 2D
963,1012530,Soccering
964,1013710,Draft Day Sports: College Basketball 2019
965,993840,Drive
966,861960,Master Pyrox Wizard Smackdown
967,839090,Galaxy Ball Defender
968,466210,Race & Destroy
969,698410,Ski Hard: Lorsbruck 1978
970,519540,Virtual Islands
971,683600,Football Mogul 18
972,974530,Draft Day Sports: Pro Football 2019
973,1222360,Cybershoes
974,763300,GAME TUBE ♛
975,667930,StickDodgeVR
976,1265690,Horse Riding Deluxe 2
977,651690,Double Play: 2-Player VR Baseball
978,516900,Oniris Basket VR
979,1052550,Global Soccer Manager 2019
980,996430,Pilot Sports
981,1124790,Hentai LightUp
982,743070,Paddle Master VR
983,1134120,Brutal Sports - Football
984,544000,Dream UniVRse
985,432270,No Seat?
986,1155920,Snow Clearing Driving Simulator
987,656300,RD's Adventure Mini Golf
988,1259870,Golf Extreme
989,1114630,Dr. Tacocat
990,812060,VIARKANOID
991,826550,Golf Cart Drive
992,1097600,Hardcore Parkour
993,835440,Naturallandscape - Grand Canyon (自然景观系列-美国大峡谷)
994,1108360,AOS Manager
995,698340,沙漠飞车 Desert Racer
996,1249400,Summon Masks
997,1202930,Boom Boomerang
998,1099830,Welcome to Paradise
999,1029950,Big Boot Baseball
1000,974060,Sleigh Runner
1001,296470,Mount Your Friends
1002,817130,WWE 2K19
1003,1066890,Automobilista 2
1004,547410,Peak Angle: Drift Online
1005,645260,Trophy Fishing 2
1006,987020,DRONE The Game
1007,1133590,Stilt Fella
1008,1018010,Castlevania Anniversary Collection
1009,425720,Cloudlands : VR Minigolf
1010,555050,Racket Fury: Table Tennis VR
1011,792050,Beneath The Surface
1012,438600,Soccer Manager
1013,458830,Snooker Nation Championship
1014,821640,Floor Kids
1015,673190,All-Star Fruit Racing
1016,324090,Football Club Simulator - FCS NS#19
1017,317440,Quantum Rush Champions
1018,577990,Ignition
1019,1182020,WGT Golf
1020,403850,Sky To Fly: Faster Than Wind
1021,488690,MX Nitro: Unleashed
1022,743580,CARRUMBLE
1023,1103310,Sea Bubble
1024,593240,VR SUPER SPORTS
1025,402220,Lift It
1026,853200,Shred! 2 - ft Sam Pilgrim
1027,1041690,Mace and Grace: action fight blood fitness arcade
1028,876310,BIG POGO MAN
1029,304540,FreakOut: Extreme Freeride
1030,462700,Cricket Captain 2016
1031,367550,Rugby League Team Manager 2015
1032,498740,Way of Redemption
1033,556480,Rugby League Live 4
1034,783860,Horse Riding Deluxe
1035,617680,Drunk-Fu: Wasted Masters
1036,924670,Need for Spirit: Drink & Drive Simulator/醉驾模拟器
1037,523080,Footbrawl Playground
1038,610780,Crazy Buggy Racing
1039,514010,Football Mogul 15
1040,803270,One Bit Arena
1041,591910,World Basketball Manager 2
1042,459260,Bowslinger
1043,748420,Beat the Blitz
1044,1013960,Open Wheel Manager
1045,976850,Trafic Road Rush
1046,832680,Darts and Friends
1047,567040,AffordaGolf Online
1048,939230,BARDO
1049,644760,Streetball VR
1050,433660,Blockpocalypse
1051,609010,Mech League Boxing
1052,1035320,MarineVerse Cup - Yacht Racing
1053,1231900,Porsche Hall of Legends VR
1054,500680,Jockey Rush
1055,958300,Cute Girls 可爱的女孩
1056,406300,Lighthockey
1057,878440,Fantasy Ball
1058,877230,Welcome to the Pool Hall
1059,718020,GRAL
1060,1097590,Cleaner
1061,920820,Skater Cally
1062,833810,Extreme Formula Championship
1063,418170,MicroRC Simulation
1064,529140,Ulama: Arena of the Gods
1065,959920,VR Curling
1066,1010840,VR Party Pack
1067,666590,Jetball
1068,1206960,Cloudlands 2
1069,916970,DUCK CASINO: BULLET
1070,832550,Tetripank
1071,399180,Actua Golf 3
1072,771670,VR_PlayRoom
1073,828770,Turbo Soccer VR
1074,1023040,Hockey Camp - Goaltender
1075,925810,ICan
1076,828480,MinigolfPark VR
1077,1251430,Box:Boxing
1078,886580,SPEED UP
1079,1240680,Hades Ultimate Fighting Ball
1080,669990,Crucial Throw
1081,596070,Skills Hockey VR
1082,737070,OlympicVR
1083,1275860,Kick the VIRUS
1084,342660,Brawlerz Arena
1085,1068420,Iceroyds!
1086,890900,Whacker Guy: Distance Hunter
1087,511110,DodgeBall Blitz
1088,1017360,IgKnight Golf Defender
1089,1036010,polyfuru feat. MIYA KIMINO / ポリフる feat. キミノミヤ
1090,998530,Winter Sports Games
1091,676570,Crazy Bowling
1092,1271980,Premier Manager 10
1093,1215990,RhythmDanceVR
1094,1129710,Unreal Drone Racing
1095,1059000,Vertigo!
1096,1016060,Foto Babes
1097,900060,Free Throw
1098,1274800,Pancake Sailor
1099,1123550,Desire Gambling House/欲望赌馆
1100,409410,Clumsy Moose Season
1101,806470,Archery Blast
1102,553290,Drift King: Survival
1103,362380,Push Me Pull You
1104,502700,Laser Lasso BALL
1105,621010,Headmaster
1106,994320,Night City 2177
1107,860220,Contact Draw: Football
1108,209390,Dungeonbowl - Knockout Edition
1109,861330,Dungeon Deathball
1110,975800,CosmoDrive: Zero
1111,508580,CasinoXR
1112,1157790,I Can't Believe It's Not Gambling 2(K)
1113,520930,Pong It! VR
1114,915020,THE E BALL
1115,815420,Bomb Hunter MT
1116,877940,Gekraxel
1117,924310,VIDEO GAME
1118,774901,Pure Football 2018
1119,1053780,Pixel Art Monster - Color by Number
1120,744460,BE THE HERO
1121,833470,Rabbit: Jigsaw Puzzles
1122,745180,Bike of the Wild
1123,600190,Ski Jump VR
1124,746500,Totally Realistic Sledding VR
1125,1206490,Ultimate Disc Golf
1126,721960,Deathmatch Soccer
1127,316700,Front Page Sports Football
1128,1150310,Let's Go! Skiing VR
1129,700140,FROG X BIRD
1130,1007140,Future Aero Racing S Ultra
1131,722370,Funball Games VR
1132,1058980,Dinosaur Bone Digging
1133,649570,Dash Dash Run!
1134,929280,Tiska Buska
1135,938600,Drift Stunt Racing 2019
1136,612430,Epic Mayhem
1137,816150,Hardway Party
1138,799270,Looney Rally
1139,1148040,polyfuru feat. ASANO RURI / ポリフる feat. 朝ノ瑠璃
1140,1145050,Tonetaker VR
1141,1052870,Pixel Puzzles 2: Paintings
1142,773120,Christmas Santa Troubles
1143,451210,Rocket Shooter
1144,776390,Outbreak in Space VR - Free
1145,959590,Super Keepy Ups
1146,606850,VR Batting
1147,856100,Little Comet
1148,1077320,"Sarah, you are way too heavy"
1149,863290,Balance of Soccer
1150,650980,Naklua VR
1151,746340,HeadSquare - Multiplayer VR Ball Game
1152,1203390,Winter Break
1153,972650,Actual Volleyball
1154,641940,The Last Sanctuary VR
1155,497480,GravPool
1156,498370,Basketball Court VR
1157,1268400,Pinball Lockdown
1158,811690,It's A Racing Game
1159,609400,City Rush
1160,1231800,Classic Card Game Pinochle
1161,1123790,Girls on the beach
1162,1093220,Eat this!
1163,806540,病毒终结者Kill Virus
1164,946240,Xobox - circle and cross
1165,431240,Golf With Your Friends
1166,339610,Freestyle 2: Street Basketball
1167,1163130,Oasis
1168,314000,Pool Nation FX Lite
1169,15560,AaaaaAAaaaAAAaaAAAAaAAAAA!!! for the Awesome
1170,437900,Party Jousting
1171,804490,Creed: Rise to Glory
1172,326340,River City Super Sports Challenge ~All Stars Special~
1173,259510,Shufflepuck Cantina Deluxe
1174,339790,rFactor
1175,1116550,Elon Simulator 2019
1176,1087280,Out of the Park Baseball 21
1177,392040,War Blade
1178,912370,Mahjong Club
1179,8790,GTR 2 FIA GT Racing Game
1180,16600,Trials 2: Second Edition
1181,547900,Front Office Football Eight
1182,665120,Jetman Go
1183,926860,Bloody Rally Show
1184,1098100,OhShape
1185,1188720,Drunken Wrestlers
1186,462000,Cyberpong
1187,410830,ARENA GODS
1188,308080,Altitude0: Lower & Faster
1189,719410,Magical Squash
1190,537630,Tee Time Golf
1191,670500,RC Plane 3
1192,556230,Off-Road Paradise: Trial 4x4
1193,579050,VRSailing by BeTomorrow
1194,542780,Drift GEAR Racing Free
1195,884830,Football Manager 2019: The Hashtag United Challenge
1196,407690,R.B.I. Baseball 16
1197,627450,RUGBY 18
1198,672020,Hold My Beer
1199,522660,Snooker-online multiplayer snooker game!
1200,1199270,Mid or Feed
1201,518790,theHunter: Call of the Wild
1202,270450,Robot Roller-Derby Disco Dodgeball
1203,412880,Drift Streets Japan
1204,494150,The Thrill of the Fight - VR Boxing
1205,417910,Street Warriors Online
1206,406350,KartKraft
1207,626680,Kreedz Climbing
1208,1197290,Press Forward OOOOONNNNN
1209,347670,Karate Master 2 Knock Down Blow
1210,457320,HoloBall
1211,834280,Fishing Sim World: Pro Tour
1212,282050,MX vs. ATV Supercross Encore
1213,370090,Axis Football 2015
1214,679750,Catch & Release
1215,522240,Pool Panic
1216,348030,Trackday Manager
1217,1082180,TT Isle of Man Ride on the Edge 2
1218,523710,Sword Master VR
1219,314860,DayBreak Online
1220,468240,VR Regatta - The Sailing Game
1221,1046230,Soccer Player Simulator
1222,1101760,CRAZY DRIVER
1223,725780,Play With Me: Escape room
1224,760630,Tennis Elbow Manager 2
1225,940580,FIA European Truck Racing Championship
1226,1098210,Axis Football 2019
1227,385130,"DvDrum, Ultimate Drum Simulator!"
1228,608370,Drums Hero
1229,346610,Racecraft
1230,639300,Age of Gladiators II: Death League
1231,747240,XL1-ClippingPoint
1232,1030090,Legend of GBC Tycoon GBC土豪金传说
1233,580820,Robot Soccer Challenge
1234,988240,Urban Trial Playground
1235,494050,Road to your City
1236,437730,Roadclub: League Racing
1237,990030,Deep Diving Simulator
1238,797570,Go Morse Go! Arcade Edition
1239,656530,Pro Gamer Manager 2
1240,841500,Sheep Game
1241,831530,SRC: Sprint Robot Championship
1242,296150,G-Ball
1243,516410,Football Blitz
1244,448710,VirZOOM Arcade
1245,665590,DOG GONE GOLFING
1246,1092980,Mountain Taxi Driver
1247,865370,El Hincha - El Videojuego
1248,891890,INFINITY RACER
1249,1220640,Dancing with Anime Girls VR
1250,844960,Pro 11 - Football Manager Game
1251,823470,Glitchball
1252,749860,Super Sportmatchen
1253,507030,Bicyclism EP
1254,526590,Boxing Saga
1255,1246710,Hooplord
1256,567660,Baseball Riot
1257,780120,Car Crash Couch Party
1258,860880,Castle: Jigsaw Puzzles
1259,718380,Holopoint: Chronicle
1260,698620,Screamer 2
1261,373800,Fantastic Pinball Thrills
1262,983120,TendyTrainer
1263,922510,Jellyfish the Ghost
1264,745530,Draft Day Sports: Pro Basketball 2018
1265,831250,Maxi Pool Masters VR
1266,849630,Wolf Balls
1267,437210,The Hunt
1268,931200,Rebound VR
1269,713500,Moto VR
1270,721400,Hot Runback - VR Runner
1271,546030,Fatal Gem VR(The First Match-3 VR Game)
1272,665620,Zombie Hobby VR
1273,482210,Quarterback SNAP
1274,833640,Sci-fi Chess
1275,878710,Draft Day Sports: College Football 2018
1276,1117000,CyberRunner
1277,563680,DragonWingsVR
1278,665730,Fight Sparring VR
1279,1181750,THE VR CANYON
1280,597670,Exterminator
1281,794050,Drift Legends
1282,1029660,Athletics Games 2020 VR
1283,930970,Angry Ball VR
1284,1119500,FIGHT BALL - BOXING VR
1285,729050,Big Bang Billiards
1286,1069920,To the Stars and Beyond!
1287,707140,Chess
1288,1225550,Draft Day Sports: College Football 2020
1289,1153110,Rally Drift Cars
1290,965760,Super Darts VR
1291,1248370,Quarter Horse Racing
1292,1086980,Nebulas Lasso
1293,778600,Zero Gravity Pool
1294,784040,Food Monster and Animals Memory Match
1295,1001760,Xtreme League
1296,709610,Mahjong Match
1297,1104480,Soccer Kid
1298,685730,VR Darts Zone
1299,1253900,Timestop Volleyball
1300,1203450,MechanicalFuture
1301,1085230,Zumou Battoru
1302,1024590,Hentai Babes - Sport Lovers
1303,980000,Modding tools for Cross Racing Championship Extreme
1304,321400,Supraball
1305,301120,Eastside Hockey Manager
1306,314070,Super Mega Baseball: Extra Innings
1307,486780,Fruit Ninja VR
1308,554510,The Golf Club 2
1309,520940,MX vs ATV All Out
1310,355060,Sébastien Loeb Rally EVO
1311,755980,Deployment
1312,561610,MotoGP17
1313,392070,Pumped BMX +
1314,512080,Fancy Skiing VR
1315,703940,Ball 2D: Soccer Online
1316,1087270,Franchise Hockey Manager 6
1317,501190,Axis Football 2016
1318,1240230,Tony Stewart's Sprint Car Racing
1319,336010,MXGP - The Official Motocross Videogame Compact
1320,779130,Virtual Fighting Championship (VFC)
1321,467900,SWORDY
1322,500360,VRMultigames
1323,839300,Legendary Eleven: Epic Football
1324,1086410,Golf Around!
1325,381590,Shred! Downhill Mountain Biking
1326,523090,Bomb U!
1327,601170,ZiL Truck RallyCross
1328,939350,Rugby Champions
1329,822040,Super Volley Blast
1330,459540,Cherry Tree High Girls' Fight
1331,874130,HUNTER BRICK BALL
1332,537740,Dino Dini's Kick Off Revival - Steam Edition
1333,388260,Super Slam Dunk Touchdown
1334,1241500,Dirty Harry's Thunder Drive
1335,1146010,Art of Boxing
1336,711010,Corrupt - Political Simulator
1337,546210,Unforgiven VR
1338,776550,Yuzi Lims: anime runner
1339,561590,Cricket Captain 2017
1340,558750,Goaltender VR
1341,545200,Super Blackjack Battle 2 Turbo Edition - The Card Warriors
1342,679220,HYPER DRIVE ⚠️ The Insane Gravity Race
1343,528990,Basketball Babe
1344,615650,The Professor Presents: #GotHandles
1345,899370,Quick Maths: addition and subtraction
1346,758120,RC Fun City
1347,1020600,Extreme Truck Simulator
1348,933380,Tennis Story
1349,588750,King Of Dirt
1350,410000,Chalo Chalo
1351,565670,Kunlun Fight
1352,790970,GOLFY GOLF
1353,973100,Super Realistic Autocross
1354,1077630,Australian Football Coach 2020
1355,840300,Supralympic Runners
1356,461320,Smackitball
1357,1260480,Grab the Beat
1358,614150,Train Harder
1359,821370,MLB Home Run Derby VR
1360,840580,Virtual Foosball
1361,768550,Zanshin
1362,743230,Baseball Mogul 2018
1363,848260,Super GTR Racing
1364,1023680,Brass Town Wrestling
1365,446510,Armed and Gelatinous
1366,1222180,Retro Drift
1367,1093850,JoustMania
1368,655200,Arena
1369,1151400,Furious Goal
1370,884270,Cabins: Jigsaw Puzzles
1371,361370,Deer Hunter: Reloaded
1372,1264500,Soldier Matt Sowards
1373,759850,DEBUFF
1374,839820,Match Connect Challenge
1375,761990,Rockochet
1376,1001390,VireFit
1377,823510,Precision Sniping: Competitive
1378,1236530,Starters Orders Classic Horse Racing
1379,866040,kicker
1380,1219500,Basketball Madness
1381,671470,CARSTEROIDS
1382,1083260,Wingsuit: Gudvangen
1383,560340,Tower Ascent
1384,1246120,NeonFlight
1385,508250,Aussie Sports VR 2016
1386,1177310,Future Pool
1387,814230,Slam Land
1388,10520,Beijing 2008 - The Official Video Game of the Olympic Games
1389,833650,Dust n Wheels
1390,935940,Croquet Pro 2
1391,1174050,Uterine Supremacy
1392,831350,Hovercraft Drive
1393,1281470,Chessсakе
1394,1184190,Knockout Bowling VR
1395,1128670,HENTAI Sliding Puzzle
1396,991130,GUNSMOKE
1397,1008070,I See You
1398,835620,Sneiroball
1399,762950,Chess Cubed
1400,367990,3D Paraglider
1401,947250,Bibi & Tina - Adventures with Horses
1402,668510,Kartofank VR
1403,528900,Multirotor Sim 2
1404,597020,All-Star Fielding Challenge VR
1405,886670,Proficient Paddles
1406,860580,Wrestlers Without Boundaries
1407,1183080,MMA President
1408,770660,Thetaball
1409,646440,Redfoot Bluefoot Dancing
1410,1050350,Ultimate Poker
1411,1028660,Pirouette
1412,914420,Shadow Fencer Theatre
1413,629640,Sea Battle VR
1414,1196260,Draft Day Sports: Pro Basketball 2020
1415,620140,Bottle Flip Challenge VR
1416,955570,Teck Boxing 3D
1417,568240,Kung Fu Ping Pong
1418,963470,A Sound Plan
1419,881930,Business Tycoon Billionaire
1420,818380,Seasonal Soccer
1421,731120,Three Kingdoms VR - Jade Knight (光之三國VR - 青龍騎)
1422,729650,More Than Just Chess
1423,1151090,Easter Egg
1424,935950,Croquet Pro
1425,623850,Elite Encounter
1426,935460,Girl Rugby Dash
1427,563160,VR the Anime Girls Method / 全豚に告ぐ！これで痩せなきゃお前は終わりだ！
1428,1273180,Glory Horse Racing
1429,873720,Pac Adventures 3D
1430,573280,Island Getaway
1431,1231790,Classic Card Game Old Maid
1432,1051210,Sageball
1433,1067020,PUSSY 3
1434,879580,Hyperball
1435,942870,Lolly Pang VR
1436,960170,DJMAX RESPECT V
1437,553310,Lethal League Blaze
1438,389510,Wild Animal Racing
1439,359800,Copa Petrobras de Marcas
1440,984780,MotoGP19
1441,285580,ACE - Arena: Cyber Evolution
1442,457960,Holopoint
1443,442500,Age of Gladiators
1444,289760,ROCKETSROCKETSROCKETS
1445,711750,Monster Energy Supercross - The Official Videogame
1446,1072480,The Fisherman - Fishing Planet
1447,758410,AO International Tennis
1448,647590,Space Junkies
1449,263420,Probably Archery
1450,464850,Don Bradman Cricket 17
1451,692030,Tennis World Tour
1452,1058200,Pixel Puzzles Traditional Jigsaws
1453,344340,Front Office Football Seven
1454,291330,Final Slam 2
1455,1151320,Netsoccer
1456,828960,Blonde Driver
1457,32200,Metal Drift
1458,455690,Pixel Puzzles Junior Jigsaw
1459,563750,World Boxing Manager
1460,370840,Rugby Challenge 3
1461,501220,Space Ribbon - Slipstream to the Extreme
1462,494310,Unbreakable Vr Runner
1463,1036930,PC Fútbol Stars
1464,355820,FutureGrind
1465,326630,Club Manager 2015
1466,865310,Dubstep Abasralsa
1467,322950,Pure Hold'em
1468,605760,gRally
1469,273030,Pro Rugby Manager 2015
1470,504810,MXGP2 - The Official Motocross Videogame Compact
1471,416720,Toro
1472,16620,Monster Trucks Nitro
1473,562700,Paintball 707
1474,705020,Bottom of the 9th
1475,362830,3D MiniGolf
1476,592020,SmuggleCraft
1477,709800,Hardcore ZBoy
1478,517220,Balls! Virtual Reality Cricket
1479,321490,MotoGP14 Compact
1480,492200,CapRiders: Euro Soccer
1481,588490,TrickStyle
1482,1019630,ECCHI NEKO GIRLS PUZZLE
1483,808540,GATARI: Sand on Teeth
1484,317080,MotorSport Revolution
1485,879740,Epic Skater 2
1486,584150,Casey Powell Lacrosse 18
1487,307410,Martial Arts: Capoeira
1488,923730,Monster MIX
1489,1098200,Vaporwave Drift
1490,490510,Pixel Puzzles 2: Christmas
1491,1061220,Discontinue
1492,552230,Doomsday Survival:Training
1493,1017940,King of Texas
1494,254940,Free Running
1495,668010,Goalie VR
1496,991760,Summer Sports Games
1497,525760,Awesome Obstacle Challenge
1498,400880,Ultimate Rock Crawler
1499,635260,CarX Drift Racing Online
1500,667530,Drunken Wrestlers 2
1501,670290,Real Pool 3D - Poolians
1502,488310,Eleven: Table Tennis VR
1503,314520,Euro Fishing
1504,244590,Epigenesis
1505,1227800,Quantum League - Free Open Beta
1506,1028630,Cricket 19
1507,891040,Pool 2D - Poolians
1508,465780,New Retro Arcade: Neon
1509,523660,HYPERCHARGE: Unboxed
1510,335070,VRC PRO
1511,492340,Pixel Cup Soccer 17
1512,780280,Summer Funland
1513,404820,Ragdoll Runners
1514,1037560,Fat Prisoner Simulator
1515,485670,Mini Golf Arena
1516,1024010,Ultimate Fishing Simulator VR
1517,473910,The Nest
1518,624120,Football Manager Touch 2018
1519,1002430,Victory Road
1520,344810,Total Extreme Wrestling 2010
1521,923260,Golf Peaks
1522,631660,Immersion Chess
1523,435020,AFL Evolution
1524,1070780,Under Pressure
1525,446550,Infinite Mini Golf
1526,993340,Virtual Surfing
1527,1081610,SILICON RISING
1528,964230,FUTURE GPX CYBER FORMULA SIN VIER
1529,576740,FootRock 2
1530,1047240,"Game club ""Waka-Waka"""
1531,521330,Tuebor: I Will Defend
1532,654090,High clear VR
1533,1092260,Come on Baby!
1534,674170,DriftForce
1535,666250,Equalizer
1536,416350,MiniBikers
1537,913280,Pranky Cat
1538,1198290,Space Block Buster
1539,867550,Range Ball
1540,1100200,Chibi Volleyball
1541,1034160,Extreme Racing on Highway
1542,539090,Clazer
1543,965920,RocketGO
1544,510130,Power Link VR
1545,869780,Super Golf 2018
1546,817470,ToaZZle
1547,566570,Hover Skate VR
1548,751730,Tennis Arcade VR
1549,1137700,CHIKARA: AAW Wrestle Factory
1550,568600,Treehouse Basketball
1551,868660,Soccer Battle Royale
1552,1096000,Too White Basketball
1553,575540,VR Golf Online
1554,563170,Graveball
1555,676120,Sango Guardian Chaos Generation Steamedition
1556,506960,Pong Champion VR
1557,603550,Schlag den Star - Das Spiel
1558,1259460,Trendpoker 3D: Free Online Poker
1559,592400,Courtyard Broomball
1560,623860,Handball Manager - TEAM
1561,1206000,Hockeysplit
1562,801300,Digital Diamond Baseball V7
1563,586460,Greyhound Manager 2 Rebooted
1564,671150,Explosive Dinosaurs
1565,1089570,AO Tennis 2 Tools
1566,607720,VR Darts
1567,811080,Total Esports Action Manager
1568,1164550,Disc Golf Adventure VR
1569,1154940,Football: The Hardest Job
1570,760680,Galaxy Race
1571,600100,Executive Hockey
1572,1131840,Pentaball
1573,1182060,Heavens Tournament
1574,525870,WackyMoles
1575,1189880,INFINITY RACER XD
1576,366050,Star Balls
1577,854810,Simple Sailing
1578,788020,Critical Gravity
1579,933840,World Enduro Rally
1580,1089290,Truefish
1581,646150,Winter Wolves Classic Games Collection
1582,905390,Drone Spektra
1583,908950,Glow Chess
1584,1164440,Extreme Offroad Monster Simulator
1585,981130,Lucky Skiing
1586,904430,Swing the cat
1587,1033150,Gravinoid
1588,1045280,eCrossminton
1589,708110,Smash Bash Crash
1590,774501,VR Soccer '96
1591,876170,DDS (D.I.Y Drone Simulator)
1592,677010,Darts VR
1593,988080,3 on 3 Super Robot Hockey
1594,672480,Mini Hockey VR
1595,1236250,Cult达人极限攀岩
1596,1200740,LoginToShootingRangeInServer00 VR
1597,1085090,"彼得猪冒险 | Piggy Prter Adventure | ABENTEUER von Peter, dem Schweinchen"
1598,1045340,PUSSY 2
1599,979360,Super Racha
1600,392190,#SelfieTennis
1601,386400,Foosball: World Tour
1602,25500,Cricket Revolution
1603,645230,RUCKBALL
1604,457810,Sky to Fly: Soulless Leviathan
1605,767360,Monster League
1606,652660,ESport Manager
1607,367430,One Ship Two Ship Redshift Blueshift
1608,747590,Drive//Shaft
1609,544630,River City Melee : Battle Royal Special
1610,378070,Energy Hook
1611,370240,NBA 2K16
1612,639220,Throttle Powah VR
1613,254440,Pool Nation
1614,794190,Football Russian 20!8
1615,950100,PRO EVOLUTION SOCCER 2019 LITE
1616,1069480,Worldwide Sports Fishing
1617,644010,Racing Glider
1618,1142810,Toasterball
1619,429180,Project CARS - Pagani Edition
1620,680950,Let's Bowl VR - Bowling Game
1621,619290,Out of the Park Baseball 19
1622,649240,RADtv
1623,934930,RDS - The Official Drift Videogame
1624,949630,Russian roulette
1625,240600,MotoGP13
1626,1145780,Angry Golf
1627,71240,SEGA Bass Fishing
1628,744220,AI Dummy
1629,655500,MX Bikes
1630,671310,Pararea--Social VR for Everyone (Beta)
1631,400800,MXGP2 - The Official Motocross Videogame
1632,1004510,DownStream: VR Whitewater Kayaking
1633,32160,Zombie Bowl-o-Rama
1634,471160,Moonshot Galaxy
1635,1178430,Summer Games Heroes
1636,438310,SCORE
1637,529950,12 orbits
1638,1231140,Tanky Tanks VR
1639,964570,DCL - The Game
1640,845730,Russian Prison Sport: OCHKO
1641,635310,Ski Sniper
1642,599990,SecondSpeed
1643,623090,BAJA: Edge of Control HD
1644,592780,Bang Bang Car
1645,512160,Volleying
1646,794570,XBall Champion
1647,783590,Age of Gladiators II: Rome
1648,1120920,ELON on MARS
1649,491520,Zero-G VR
1650,328670,Deer Hunt Legends
1651,1040430,Adventure Climb VR
1652,555730,Robot City Stadium
1653,574030,Score a goal (Physical football)
1654,373810,Hot Pinball Thrills
1655,300630,Pure Chess Grandmaster Edition
1656,840440,Good Boy!
1657,1013040,Planetoid Pioneers Online
1658,487730,Hat Trick Header
1659,729580,Malzbie's Pinball Collection
1660,549880,RoboSports VR
1661,10140,3D Ultra Minigolf Adventures
1662,525950,JUST BAT (VR CRICKET)
1663,1126990,PBA Pro Bowling
1664,454560,Ultimate Fight Manager 2016
1665,842310,Zimbo
1666,807730,Draft Day Sports: College Basketball 2018
1667,529700,Total Extreme Wrestling 2013
1668,768580,Witchball
1669,1126270,Neon Tail
1670,569010,Island Racer
1671,535700,3D Chess
1672,392150,#SkiJump
1673,426560,Full Tilt Poker
1674,713610,Qbike: Crypto Motorcycles
1675,850500,Slum Ball VR Tournament
1676,1056710,VTB Basketball League VR
1677,588410,Virtual Sports
1678,1004710,POCKET CAR : VRGROUND
1679,1085270,Fat Prisoner Simulator 2
1680,1159510,Village Bus Driver Simulator
1681,1028170,Tahko Alpine Ski
1682,1057560,Rebound Dodgeball Evolved
1683,551930,Skater 2D
1684,495550,Baskhead
1685,500750,GI Racing 2.0
1686,755850,VR Ping Pong Paradise
1687,925040,Ero Date
1688,595990,Princess Kidnapper 2 - VR
1689,583150,KART CHASER : THE BOOST VR
1690,813200,DDS(D.I.Y Drone Simulator) Demo
1691,1275540,Go Kart Run!
1692,1000790,Flex Apocalypse Racing
1693,462640,Surf World Series
1694,646180,Nightcrawler VR Bowling
1695,279460,IHF Handball Challenge 14
1696,774051,Dream On The Moon
1697,750330,Air Hockey
1698,759980,MIMIC
1699,396700,Hover Cubes: Arena
1700,914200,Football Director 2019
1701,642190,Beer Pong League
1702,1231750,Classic Card Game Euchre
1703,500660,Limberjack
1704,1209440,capy hoky
1705,881090,Super Dodgeball Beats
1706,847870,Monster Truck Drive
1707,534680,Dolphin Up
1708,1170160,Golf98
1709,486940,Handball Action Total
1710,710310,Hopscotch
1711,553110,Alpine Ski VR
1712,801180,Beer Pong VR
1713,748430,Cube Color
1714,1221070,Alien street battle
1715,896730,Dare Course
1716,1081670,Fitforce
1717,1006700,3Gun Nation VR
1718,553530,Teratini VR
1719,384230,Block Party Sports
1720,1137810,Total Ski Jump
1721,774551,Football Heroes Turbo
1722,802270,Tank Ball
1723,836400,Basketball Hero VR
1724,821570,Lethal Lawns: Competitive Mowing Bloodsport
1725,719970,Soccer Simulation
1726,964460,VR Rome
1727,948200,Mini Golf Buddies
1728,779730,Foosball VR
1729,1159040,KENDO
1730,418260,Gumball Drift
1731,812470,Skyscraper Climb VR
1732,658400,Baseball Mogul 2017
1733,1275070,A Buttload of Free Games
1734,839920,9 Balls
1735,1216190,Color ball
1736,800670,NetStars - VR Goalie Trainer
1737,1140870,Sensible Blood Rugby Sevens
1738,850710,Skip's Sanity
1739,867900,Tennis Tune-Up
1740,701460,Billiards
1741,543110,Head It!: VR Soccer Heading Game
1742,992720,東方苦粗芸物語 Touhou KSG Story
1743,1054990,Race With Ryan
1744,427040,Pitstop Challenge
1745,1008890,JetBall Arena
1746,1222940,Cragls
1747,1063280,Combat Helicopter- Surgical Strike
1748,552690,Fantasy Fairways
1749,974670,DREAM GIRLS VR
1750,763680,Miney Company: A Data Racket
1751,876140,Police Air Transporter
1752,1140340,X Girl Escape
1753,680070,Puzzle: Underwater World
1754,829760,Synthrally
1755,796970,VR Soccer Training
1756,494380,VR Boxing Workout
1757,1245470,Ultimate Ski Jumping 2020
1758,1216550,Player's Eleven
1759,844520,RECOIL
1760,1210850,Super Kickers League
1761,741010,BALL GAME
1762,850270,Kaleido Chaos
1763,1245630,Virage Rally
1764,1207480,Pupper park
1765,600500,LASER STRIKERS
1766,1145280,Blockey: Block Yeah!
1767,876270,Homo Flimsy - The Ragdoll Goalkeeping Simulator
1768,658880,Jammerball
1769,968580,Halloween Puzzles
1770,1156200,VirtuaLiron - Immersive YOGA practice
1771,809610,Yacht Simulator VR
1772,1263840,The Last Hentai - Miku
1773,1187430,SpaceVibes
1774,1128630,Cross Country Express
1775,1008990,Trinity.Town: Monastery | Martial Arts and Meditation
1776,979910,3D Pinball Hentai
1777,888880,Summer: Jigsaw Puzzles
1778,212480,Sonic & All-Stars Racing Transformed Collection
1779,792220,Paunch
1780,431930,Kabounce
1781,564230,Fire Pro Wrestling World
1782,415880,Disc Jam
1783,385270,Jet Racing Extreme: The First Encounter
1784,248530,Depth Hunter 2: Deep Dive
1785,263020,STARWHAL
1786,444930,Zaccaria Pinball
1787,498660,Mind Spheres
1788,1066130,Truck Life
1789,687850,Head Goal: Soccer Online
1790,663670,Killer Queen Black
1791,323670,Super Indie Karts
1792,655550,NOKBAK
1793,422110,Wand Wars
1794,468070,90 Minute Fever - Football (Soccer) Manager MMO
1795,491280,Drift Horizon Online
1796,674850,2MD: VR Football
1797,824280,Monster Jam Steel Titans
1798,453710,TableTop Soccer
1799,312920,Rugby League Live 3
